Truck_ID,Capacity,Fuel_Efficiency,Current_Location,Availability,Order_ID,Pickup_Location,Destination_Location,Package_Weight,Urgency,Traffic_Conditions,Distance_To_Pickup,Distance_To_Destination,Estimated_Travel_Time,Assigned_Truck_ID,Assigned_Driver_ID,Route,Delivery_Time,Fuel_Consumed,Cost
T001,12346,5.34,"(12.92, 77.54)",yes,O001,"(13.09, 77.63)","(13.05, 77.52)",664,high,heavy,15,31,27,T117,D009,"[(13.09, 77.63), (13.05, 77.52)]",59,10.49,125
T002,13176,5.03,"(12.82, 77.59)",yes,O002,"(12.83, 77.55)","(13.01, 77.64)",568,very high,clear,5,39,34,T278,D005,"[(12.83, 77.55), (13.01, 77.64)]",43,14.52,153
T003,8672,5.19,"(12.86, 77.63)",yes,O003,"(12.98, 77.58)","(12.83, 77.65)",643,very high,heavy,17,34,16,T219,D001,"[(12.98, 77.58), (12.83, 77.65)]",43,7.26,86
T004,8965,4.18,"(13.06, 77.66)",yes,O004,"(12.93, 77.63)","(12.94, 77.7)",721,very high,clear,17,31,29,T238,D009,"[(12.93, 77.63), (12.94, 77.7)]",43,9.18,185
T005,9544,5.46,"(13.08, 77.58)",yes,O005,"(12.83, 77.67)","(12.91, 77.59)",780,very high,clear,6,21,57,T047,D001,"[(12.83, 77.67), (12.91, 77.59)]",76,13.92,143
T006,10463,4.49,"(12.99, 77.68)",yes,O006,"(13.05, 77.62)","(12.86, 77.67)",651,high,moderate,14,28,50,T067,D008,"[(13.05, 77.62), (12.86, 77.67)]",46,11.55,162
T007,10765,4.47,"(12.96, 77.58)",yes,O007,"(12.83, 77.52)","(12.95, 77.59)",688,normal,moderate,14,26,48,T455,D003,"[(12.83, 77.52), (12.95, 77.59)]",79,14.31,171
T008,11204,4.86,"(12.83, 77.56)",yes,O008,"(12.89, 77.54)","(12.95, 77.52)",566,normal,heavy,13,38,21,T141,D008,"[(12.89, 77.54), (12.95, 77.52)]",34,9.57,106
T009,10369,5.66,"(12.99, 77.59)",yes,O009,"(12.98, 77.64)","(12.96, 77.52)",712,normal,heavy,8,38,60,T098,D008,"[(12.98, 77.64), (12.96, 77.52)]",61,7.48,152
T010,12399,5.47,"(12.86, 77.69)",yes,O010,"(12.97, 77.52)","(13.02, 77.69)",773,normal,moderate,16,30,30,T264,D004,"[(12.97, 77.52), (13.02, 77.69)]",54,8.96,187
T011,11716,4.91,"(13.01, 77.5)",yes,O011,"(13.02, 77.5)","(12.83, 77.54)",582,normal,clear,8,21,38,T068,D006,"[(13.02, 77.5), (12.83, 77.54)]",32,13.4,89
T012,8593,4.67,"(12.91, 77.68)",yes,O012,"(12.81, 77.63)","(13.03, 77.6)",763,very high,heavy,14,26,23,T067,D001,"[(12.81, 77.63), (13.03, 77.6)]",53,12.11,194
T013,11429,4.31,"(12.95, 77.62)",yes,O013,"(12.97, 77.69)","(13.09, 77.52)",561,normal,heavy,6,26,18,T452,D006,"[(12.97, 77.69), (13.09, 77.52)]",40,8.28,105
T014,11766,5.22,"(12.83, 77.58)",yes,O014,"(12.93, 77.62)","(13.0, 77.6)",734,high,moderate,8,31,21,T280,D010,"[(12.93, 77.62), (13.0, 77.6)]",37,12.59,80
T015,11060,5.25,"(12.97, 77.59)",yes,O015,"(13.05, 77.61)","(13.01, 77.54)",568,very high,moderate,13,34,59,T410,D004,"[(13.05, 77.61), (13.01, 77.54)]",31,14.53,100
T016,12260,4.8,"(12.94, 77.66)",no,O016,"(12.83, 77.67)","(12.97, 77.6)",548,normal,clear,8,30,59,T472,D009,"[(12.83, 77.67), (12.97, 77.6)]",36,8.62,104
T017,11499,4.4,"(12.96, 77.52)",yes,O017,"(12.98, 77.68)","(12.92, 77.6)",687,very high,moderate,18,33,27,T198,D008,"[(12.98, 77.68), (12.92, 77.6)]",48,6.82,199
T018,9034,5.46,"(13.07, 77.68)",no,O018,"(12.91, 77.67)","(12.93, 77.57)",569,very high,clear,7,22,32,T235,D003,"[(12.91, 77.67), (12.93, 77.57)]",39,13.6,89
T019,11964,5.9,"(13.0, 77.65)",yes,O019,"(12.93, 77.6)","(12.94, 77.5)",663,high,clear,15,20,54,T048,D009,"[(12.93, 77.6), (12.94, 77.5)]",46,10.6,104
T020,10674,4.44,"(12.82, 77.5)",no,O020,"(13.04, 77.63)","(12.93, 77.55)",506,normal,moderate,17,25,32,T404,D009,"[(13.04, 77.63), (12.93, 77.55)]",60,11.52,86
T021,11211,4.37,"(12.93, 77.67)",yes,O021,"(13.04, 77.56)","(12.88, 77.51)",686,very high,moderate,6,28,54,T069,D008,"[(13.04, 77.56), (12.88, 77.51)]",49,11.59,139
T022,9747,5.56,"(13.08, 77.56)",yes,O022,"(12.96, 77.56)","(12.86, 77.66)",704,very high,moderate,11,39,15,T415,D009,"[(12.96, 77.56), (12.86, 77.66)]",63,13.46,80
T023,8773,5.97,"(12.98, 77.51)",yes,O023,"(12.85, 77.54)","(12.83, 77.66)",620,normal,heavy,19,32,27,T081,D001,"[(12.85, 77.54), (12.83, 77.66)]",69,13.09,87
T024,8733,5.24,"(12.89, 77.55)",yes,O024,"(12.82, 77.51)","(12.87, 77.62)",736,very high,moderate,15,35,45,T092,D005,"[(12.82, 77.51), (12.87, 77.62)]",31,8.3,82
T025,8850,4.21,"(12.88, 77.51)",no,O025,"(13.07, 77.63)","(12.97, 77.51)",582,very high,clear,19,35,19,T343,D004,"[(13.07, 77.63), (12.97, 77.51)]",82,11.46,161
T026,13702,5.99,"(12.89, 77.68)",yes,O026,"(12.89, 77.63)","(13.0, 77.53)",589,high,moderate,10,38,51,T450,D008,"[(12.89, 77.63), (13.0, 77.53)]",54,12.92,140
T027,10959,4.65,"(12.97, 77.68)",yes,O027,"(13.05, 77.57)","(12.97, 77.62)",756,normal,clear,17,29,58,T377,D010,"[(13.05, 77.57), (12.97, 77.62)]",37,7.89,124
T028,10549,5.36,"(12.91, 77.68)",yes,O028,"(12.91, 77.7)","(12.8, 77.64)",552,high,clear,6,39,15,T045,D001,"[(12.91, 77.7), (12.8, 77.64)]",32,11.58,197
T029,13992,5.13,"(12.95, 77.53)",yes,O029,"(12.92, 77.6)","(12.88, 77.68)",622,very high,heavy,7,30,33,T498,D003,"[(12.92, 77.6), (12.88, 77.68)]",57,8.29,137
T030,8539,4.75,"(13.03, 77.64)",yes,O030,"(12.83, 77.68)","(13.09, 77.59)",515,normal,moderate,20,29,59,T411,D010,"[(12.83, 77.68), (13.09, 77.59)]",66,13.22,85
T031,8634,4.55,"(12.81, 77.58)",yes,O031,"(12.84, 77.52)","(12.94, 77.67)",657,very high,clear,10,29,16,T302,D004,"[(12.84, 77.52), (12.94, 77.67)]",55,11.8,123
T032,9142,4.76,"(12.87, 77.58)",no,O032,"(13.02, 77.65)","(12.82, 77.66)",788,high,moderate,16,35,60,T119,D001,"[(13.02, 77.65), (12.82, 77.66)]",31,10.59,86
T033,11465,5.08,"(12.85, 77.62)",yes,O033,"(13.05, 77.55)","(12.87, 77.54)",685,high,heavy,17,24,33,T444,D001,"[(13.05, 77.55), (12.87, 77.54)]",87,13.95,86
T034,9331,5.85,"(12.96, 77.54)",yes,O034,"(13.05, 77.5)","(12.83, 77.64)",729,very high,moderate,8,26,25,T444,D006,"[(13.05, 77.5), (12.83, 77.64)]",42,12.53,196
T035,10282,4.66,"(12.91, 77.59)",yes,O035,"(12.97, 77.6)","(13.04, 77.61)",505,high,moderate,9,23,25,T417,D002,"[(12.97, 77.6), (13.04, 77.61)]",69,6.8,158
T036,9418,5.16,"(12.94, 77.61)",yes,O036,"(12.84, 77.64)","(13.05, 77.59)",630,very high,moderate,18,28,59,T302,D004,"[(12.84, 77.64), (13.05, 77.59)]",54,7.01,113
T037,10842,4.15,"(13.04, 77.67)",yes,O037,"(12.86, 77.55)","(13.06, 77.59)",650,normal,clear,5,32,40,T088,D007,"[(12.86, 77.55), (13.06, 77.59)]",71,6.2,116
T038,11968,5.35,"(12.83, 77.55)",yes,O038,"(12.94, 77.53)","(13.05, 77.7)",570,normal,clear,12,20,60,T177,D004,"[(12.94, 77.53), (13.05, 77.7)]",80,13.53,81
T039,12303,5.25,"(13.03, 77.64)",yes,O039,"(12.92, 77.65)","(12.87, 77.69)",525,high,clear,15,24,43,T459,D001,"[(12.92, 77.65), (12.87, 77.69)]",87,12.55,99
T040,11216,5.08,"(13.04, 77.57)",yes,O040,"(13.06, 77.54)","(12.94, 77.52)",666,very high,heavy,11,34,26,T436,D008,"[(13.06, 77.54), (12.94, 77.52)]",75,13.0,183
T041,10469,5.18,"(12.9, 77.53)",yes,O041,"(12.89, 77.59)","(12.81, 77.62)",592,normal,moderate,6,28,39,T367,D005,"[(12.89, 77.59), (12.81, 77.62)]",30,8.88,133
T042,8664,4.26,"(12.96, 77.57)",yes,O042,"(13.1, 77.53)","(13.08, 77.51)",721,very high,clear,16,20,53,T421,D001,"[(13.1, 77.53), (13.08, 77.51)]",85,7.28,105
T043,9604,4.87,"(13.01, 77.69)",yes,O043,"(12.94, 77.65)","(12.85, 77.64)",757,normal,heavy,20,40,44,T340,D009,"[(12.94, 77.65), (12.85, 77.64)]",72,7.0,198
T044,12770,4.29,"(13.09, 77.68)",no,O044,"(13.02, 77.7)","(12.94, 77.69)",788,normal,moderate,18,22,56,T228,D005,"[(13.02, 77.7), (12.94, 77.69)]",54,12.9,81
T045,9141,4.46,"(12.86, 77.56)",yes,O045,"(13.09, 77.51)","(12.99, 77.63)",656,high,moderate,8,20,34,T114,D005,"[(13.09, 77.51), (12.99, 77.63)]",86,6.17,183
T046,9035,5.91,"(13.02, 77.6)",no,O046,"(12.84, 77.59)","(12.85, 77.6)",748,very high,heavy,12,24,25,T058,D007,"[(12.84, 77.59), (12.85, 77.6)]",70,9.3,122
T047,9005,5.9,"(13.01, 77.53)",yes,O047,"(13.09, 77.64)","(12.96, 77.56)",741,very high,moderate,14,20,53,T253,D001,"[(13.09, 77.64), (12.96, 77.56)]",47,8.63,137
T048,13835,5.15,"(13.04, 77.56)",yes,O048,"(12.86, 77.56)","(13.05, 77.5)",536,very high,heavy,11,26,40,T401,D009,"[(12.86, 77.56), (13.05, 77.5)]",78,12.29,138
T049,8014,4.21,"(12.86, 77.61)",yes,O049,"(12.8, 77.55)","(13.07, 77.66)",678,high,moderate,9,30,56,T251,D006,"[(12.8, 77.55), (13.07, 77.66)]",82,7.2,196
T050,9280,4.94,"(13.0, 77.61)",yes,O050,"(13.08, 77.54)","(12.9, 77.51)",684,high,heavy,13,25,57,T167,D002,"[(13.08, 77.54), (12.9, 77.51)]",90,13.17,115
T051,10421,4.38,"(12.88, 77.58)",yes,O051,"(12.98, 77.55)","(12.85, 77.53)",712,very high,heavy,17,23,20,T099,D010,"[(12.98, 77.55), (12.85, 77.53)]",39,9.7,198
T052,13556,4.63,"(13.09, 77.69)",yes,O052,"(12.82, 77.64)","(13.03, 77.64)",569,very high,clear,10,33,33,T323,D007,"[(12.82, 77.64), (13.03, 77.64)]",34,13.29,182
T053,10920,4.16,"(12.84, 77.62)",yes,O053,"(12.84, 77.64)","(12.89, 77.65)",741,high,heavy,6,24,48,T439,D007,"[(12.84, 77.64), (12.89, 77.65)]",49,10.6,116
T054,11344,5.41,"(12.81, 77.61)",yes,O054,"(13.03, 77.67)","(12.94, 77.59)",567,normal,clear,15,39,53,T098,D006,"[(13.03, 77.67), (12.94, 77.59)]",61,11.2,82
T055,10542,5.16,"(13.01, 77.58)",yes,O055,"(12.99, 77.58)","(12.93, 77.54)",774,very high,heavy,5,24,26,T438,D002,"[(12.99, 77.58), (12.93, 77.54)]",55,10.27,198
T056,12798,4.19,"(12.95, 77.68)",yes,O056,"(13.02, 77.59)","(12.89, 77.54)",541,high,moderate,14,34,60,T127,D007,"[(13.02, 77.59), (12.89, 77.54)]",33,10.77,86
T057,11176,5.12,"(13.09, 77.57)",no,O057,"(12.89, 77.56)","(13.04, 77.56)",744,normal,moderate,17,21,51,T026,D009,"[(12.89, 77.56), (13.04, 77.56)]",31,12.26,133
T058,9265,5.44,"(12.82, 77.66)",yes,O058,"(12.87, 77.52)","(12.92, 77.52)",572,normal,clear,17,22,43,T451,D006,"[(12.87, 77.52), (12.92, 77.52)]",62,6.56,161
T059,13577,4.56,"(12.91, 77.52)",yes,O059,"(13.1, 77.62)","(13.05, 77.59)",711,very high,heavy,20,37,48,T500,D004,"[(13.1, 77.62), (13.05, 77.59)]",51,13.65,136
T060,12112,5.6,"(12.82, 77.65)",yes,O060,"(13.02, 77.56)","(12.98, 77.58)",738,normal,clear,9,35,47,T337,D008,"[(13.02, 77.56), (12.98, 77.58)]",70,11.13,146
T061,13185,4.51,"(12.99, 77.68)",yes,O061,"(12.97, 77.51)","(12.95, 77.67)",607,very high,heavy,10,33,27,T198,D007,"[(12.97, 77.51), (12.95, 77.67)]",40,10.79,93
T062,9474,4.14,"(13.01, 77.61)",yes,O062,"(13.06, 77.51)","(12.81, 77.62)",549,normal,clear,5,38,52,T051,D002,"[(13.06, 77.51), (12.81, 77.62)]",82,12.86,180
T063,13916,5.7,"(12.94, 77.61)",yes,O063,"(13.0, 77.58)","(12.86, 77.68)",715,normal,clear,16,39,29,T443,D005,"[(13.0, 77.58), (12.86, 77.68)]",56,11.7,111
T064,10122,4.14,"(13.01, 77.56)",yes,O064,"(12.85, 77.51)","(12.89, 77.57)",510,very high,heavy,16,33,51,T285,D003,"[(12.85, 77.51), (12.89, 77.57)]",37,14.47,197
T065,12744,5.78,"(13.1, 77.64)",yes,O065,"(12.86, 77.66)","(12.99, 77.52)",719,very high,moderate,8,24,53,T250,D002,"[(12.86, 77.66), (12.99, 77.52)]",41,6.36,134
T066,11139,5.89,"(12.88, 77.57)",no,O066,"(12.96, 77.55)","(12.89, 77.65)",763,high,heavy,13,28,59,T234,D010,"[(12.96, 77.55), (12.89, 77.65)]",90,8.66,146
T067,10382,4.72,"(12.99, 77.53)",no,O067,"(12.86, 77.68)","(13.0, 77.58)",575,high,heavy,5,28,41,T442,D006,"[(12.86, 77.68), (13.0, 77.58)]",83,14.31,139
T068,12576,4.65,"(13.05, 77.66)",yes,O068,"(12.96, 77.63)","(12.91, 77.63)",799,normal,heavy,14,25,26,T408,D002,"[(12.96, 77.63), (12.91, 77.63)]",64,7.32,163
T069,12571,4.53,"(12.85, 77.53)",yes,O069,"(12.94, 77.5)","(12.94, 77.57)",676,normal,heavy,16,24,48,T221,D004,"[(12.94, 77.5), (12.94, 77.57)]",48,12.72,128
T070,12653,5.74,"(12.91, 77.64)",no,O070,"(12.82, 77.64)","(12.95, 77.61)",538,high,moderate,15,38,32,T458,D001,"[(12.82, 77.64), (12.95, 77.61)]",65,11.08,89
T071,11736,5.69,"(12.95, 77.51)",yes,O071,"(12.87, 77.68)","(12.94, 77.53)",676,normal,heavy,8,24,45,T435,D003,"[(12.87, 77.68), (12.94, 77.53)]",89,12.42,120
T072,10048,5.78,"(13.09, 77.65)",yes,O072,"(13.0, 77.65)","(13.07, 77.57)",565,very high,heavy,10,40,33,T218,D007,"[(13.0, 77.65), (13.07, 77.57)]",39,8.67,152
T073,12566,5.59,"(13.05, 77.61)",no,O073,"(13.05, 77.55)","(12.98, 77.52)",512,normal,clear,12,38,20,T346,D005,"[(13.05, 77.55), (12.98, 77.52)]",89,12.44,104
T074,12991,5.19,"(12.84, 77.59)",yes,O074,"(13.05, 77.69)","(13.0, 77.64)",598,high,clear,15,39,45,T205,D009,"[(13.05, 77.69), (13.0, 77.64)]",58,8.18,115
T075,11590,4.7,"(12.94, 77.51)",no,O075,"(12.88, 77.6)","(12.94, 77.67)",785,normal,heavy,7,26,20,T226,D004,"[(12.88, 77.6), (12.94, 77.67)]",40,13.88,139
T076,12924,4.03,"(13.06, 77.51)",yes,O076,"(12.91, 77.54)","(13.07, 77.52)",600,high,heavy,20,37,54,T164,D004,"[(12.91, 77.54), (13.07, 77.52)]",40,13.23,135
T077,12486,4.14,"(13.07, 77.67)",yes,O077,"(12.9, 77.63)","(12.96, 77.57)",796,normal,clear,7,23,47,T087,D003,"[(12.9, 77.63), (12.96, 77.57)]",81,14.02,151
T078,11545,5.52,"(12.92, 77.58)",yes,O078,"(12.86, 77.68)","(12.82, 77.57)",747,very high,clear,12,30,43,T011,D010,"[(12.86, 77.68), (12.82, 77.57)]",67,10.12,194
T079,13682,4.22,"(12.88, 77.68)",yes,O079,"(12.92, 77.54)","(12.84, 77.55)",722,very high,moderate,8,32,25,T081,D008,"[(12.92, 77.54), (12.84, 77.55)]",37,14.94,102
T080,13807,5.82,"(12.9, 77.62)",yes,O080,"(12.99, 77.61)","(12.99, 77.67)",796,high,moderate,15,21,29,T490,D002,"[(12.99, 77.61), (12.99, 77.67)]",44,6.86,165
T081,13891,5.41,"(12.98, 77.53)",yes,O081,"(13.0, 77.65)","(12.84, 77.59)",763,high,clear,14,38,17,T164,D001,"[(13.0, 77.65), (12.84, 77.59)]",59,8.44,132
T082,12249,4.65,"(12.89, 77.54)",yes,O082,"(12.92, 77.58)","(12.98, 77.7)",505,very high,heavy,12,29,25,T327,D004,"[(12.92, 77.58), (12.98, 77.7)]",78,13.3,134
T083,10674,4.92,"(12.95, 77.55)",no,O083,"(12.95, 77.62)","(12.83, 77.53)",752,very high,clear,5,20,37,T106,D002,"[(12.95, 77.62), (12.83, 77.53)]",69,7.29,122
T084,13497,5.51,"(12.85, 77.62)",yes,O084,"(12.85, 77.52)","(12.84, 77.52)",645,very high,moderate,10,32,44,T423,D004,"[(12.85, 77.52), (12.84, 77.52)]",68,10.55,125
T085,8539,4.31,"(12.81, 77.69)",yes,O085,"(12.92, 77.66)","(13.08, 77.63)",794,normal,heavy,16,22,42,T178,D005,"[(12.92, 77.66), (13.08, 77.63)]",49,7.49,84
T086,8608,5.51,"(12.97, 77.64)",no,O086,"(12.81, 77.65)","(13.06, 77.59)",662,high,moderate,13,40,19,T026,D002,"[(12.81, 77.65), (13.06, 77.59)]",83,14.59,88
T087,12307,4.91,"(13.06, 77.62)",yes,O087,"(12.8, 77.61)","(12.92, 77.64)",565,high,heavy,12,30,33,T250,D001,"[(12.8, 77.61), (12.92, 77.64)]",47,7.71,161
T088,12502,4.9,"(13.08, 77.59)",yes,O088,"(12.91, 77.66)","(12.99, 77.55)",512,very high,clear,20,26,21,T125,D005,"[(12.91, 77.66), (12.99, 77.55)]",73,11.58,180
T089,12515,4.62,"(12.86, 77.57)",yes,O089,"(13.1, 77.53)","(13.0, 77.68)",508,very high,heavy,20,33,41,T225,D007,"[(13.1, 77.53), (13.0, 77.68)]",67,13.3,123
T090,11268,5.28,"(12.9, 77.62)",yes,O090,"(12.9, 77.54)","(13.07, 77.66)",532,very high,moderate,5,36,18,T298,D003,"[(12.9, 77.54), (13.07, 77.66)]",58,8.85,114
T091,8191,5.78,"(12.86, 77.53)",no,O091,"(13.02, 77.59)","(12.99, 77.69)",683,high,moderate,14,35,54,T230,D008,"[(13.02, 77.59), (12.99, 77.69)]",45,12.52,167
T092,12534,4.83,"(12.94, 77.61)",yes,O092,"(13.07, 77.68)","(13.1, 77.53)",672,high,moderate,9,23,37,T097,D007,"[(13.07, 77.68), (13.1, 77.53)]",38,12.89,157
T093,9174,5.38,"(13.08, 77.58)",yes,O093,"(12.97, 77.67)","(13.0, 77.64)",557,very high,clear,19,40,37,T034,D010,"[(12.97, 77.67), (13.0, 77.64)]",50,7.77,99
T094,11286,4.29,"(12.85, 77.51)",yes,O094,"(12.93, 77.58)","(12.81, 77.51)",614,high,heavy,5,24,54,T389,D001,"[(12.93, 77.58), (12.81, 77.51)]",64,12.8,137
T095,12299,4.51,"(12.85, 77.62)",yes,O095,"(12.83, 77.56)","(12.96, 77.68)",556,high,heavy,8,39,45,T289,D008,"[(12.83, 77.56), (12.96, 77.68)]",85,14.03,134
T096,8372,5.81,"(12.93, 77.62)",yes,O096,"(13.02, 77.52)","(12.83, 77.57)",652,normal,moderate,5,20,41,T448,D006,"[(13.02, 77.52), (12.83, 77.57)]",44,9.51,81
T097,11195,4.22,"(12.82, 77.59)",no,O097,"(12.92, 77.64)","(12.88, 77.53)",505,high,moderate,11,40,48,T278,D002,"[(12.92, 77.64), (12.88, 77.53)]",49,6.82,173
T098,12974,5.3,"(12.85, 77.52)",yes,O098,"(13.06, 77.62)","(12.88, 77.54)",613,high,heavy,7,33,44,T220,D004,"[(13.06, 77.62), (12.88, 77.54)]",76,12.72,165
T099,8509,4.73,"(12.9, 77.59)",yes,O099,"(12.94, 77.64)","(12.95, 77.64)",549,very high,moderate,10,39,59,T054,D008,"[(12.94, 77.64), (12.95, 77.64)]",81,11.0,142
T100,13952,5.88,"(12.95, 77.65)",yes,O100,"(12.84, 77.62)","(12.98, 77.7)",684,high,clear,7,27,55,T185,D005,"[(12.84, 77.62), (12.98, 77.7)]",32,7.63,184
T101,12570,4.37,"(12.96, 77.55)",no,O101,"(13.09, 77.51)","(12.87, 77.62)",726,high,moderate,15,21,17,T451,D007,"[(13.09, 77.51), (12.87, 77.62)]",41,11.17,98
T102,8595,5.3,"(13.03, 77.59)",yes,O102,"(12.85, 77.59)","(12.97, 77.64)",668,normal,moderate,14,35,44,T457,D004,"[(12.85, 77.59), (12.97, 77.64)]",39,8.68,125
T103,9878,5.96,"(12.8, 77.53)",yes,O103,"(12.97, 77.55)","(13.0, 77.53)",529,normal,clear,5,25,22,T020,D002,"[(12.97, 77.55), (13.0, 77.53)]",39,13.51,118
T104,11167,5.02,"(12.81, 77.68)",yes,O104,"(12.84, 77.53)","(13.08, 77.55)",508,high,heavy,17,21,43,T215,D004,"[(12.84, 77.53), (13.08, 77.55)]",46,9.06,188
T105,13125,5.41,"(12.88, 77.55)",yes,O105,"(12.87, 77.58)","(12.9, 77.65)",547,high,moderate,18,38,30,T077,D004,"[(12.87, 77.58), (12.9, 77.65)]",34,13.99,95
T106,11811,5.62,"(12.93, 77.56)",yes,O106,"(13.07, 77.64)","(13.03, 77.62)",619,very high,heavy,16,39,60,T292,D006,"[(13.07, 77.64), (13.03, 77.62)]",65,7.07,184
T107,10823,4.66,"(12.95, 77.56)",yes,O107,"(12.99, 77.58)","(13.08, 77.55)",706,high,heavy,12,26,36,T326,D005,"[(12.99, 77.58), (13.08, 77.55)]",64,6.72,147
T108,13810,5.93,"(13.04, 77.65)",yes,O108,"(12.91, 77.58)","(13.06, 77.67)",755,very high,clear,13,23,15,T206,D001,"[(12.91, 77.58), (13.06, 77.67)]",74,12.42,99
T109,13228,4.46,"(13.07, 77.58)",yes,O109,"(12.86, 77.65)","(13.07, 77.53)",533,normal,clear,19,26,59,T125,D001,"[(12.86, 77.65), (13.07, 77.53)]",75,6.75,195
T110,11734,5.06,"(13.05, 77.56)",yes,O110,"(12.84, 77.59)","(12.97, 77.66)",610,normal,clear,18,34,21,T341,D006,"[(12.84, 77.59), (12.97, 77.66)]",30,11.36,90
T111,11834,4.78,"(13.09, 77.54)",yes,O111,"(12.96, 77.58)","(13.0, 77.7)",551,normal,moderate,14,37,44,T300,D004,"[(12.96, 77.58), (13.0, 77.7)]",45,9.1,177
T112,10287,4.41,"(12.82, 77.66)",yes,O112,"(12.9, 77.63)","(12.96, 77.55)",763,high,clear,12,34,35,T021,D004,"[(12.9, 77.63), (12.96, 77.55)]",69,7.35,168
T113,9279,5.67,"(12.82, 77.66)",yes,O113,"(12.82, 77.69)","(12.82, 77.69)",536,high,clear,9,25,30,T293,D008,"[(12.82, 77.69), (12.82, 77.69)]",54,13.67,141
T114,11220,4.52,"(12.81, 77.53)",yes,O114,"(12.84, 77.61)","(12.9, 77.51)",709,high,clear,19,29,37,T181,D001,"[(12.84, 77.61), (12.9, 77.51)]",51,6.15,147
T115,12676,4.34,"(12.99, 77.6)",yes,O115,"(12.89, 77.62)","(12.83, 77.58)",513,high,clear,6,30,54,T494,D007,"[(12.89, 77.62), (12.83, 77.58)]",80,13.43,197
T116,13106,4.55,"(12.95, 77.69)",yes,O116,"(13.03, 77.68)","(12.82, 77.51)",742,high,moderate,13,39,33,T166,D007,"[(13.03, 77.68), (12.82, 77.51)]",36,11.57,129
T117,9225,4.26,"(13.09, 77.69)",yes,O117,"(12.9, 77.64)","(12.86, 77.51)",711,high,moderate,15,35,38,T084,D002,"[(12.9, 77.64), (12.86, 77.51)]",70,7.22,129
T118,11382,4.35,"(12.93, 77.6)",no,O118,"(13.01, 77.64)","(13.0, 77.64)",520,very high,heavy,6,26,44,T176,D002,"[(13.01, 77.64), (13.0, 77.64)]",48,8.49,139
T119,12502,4.76,"(13.01, 77.69)",yes,O119,"(12.91, 77.67)","(13.01, 77.59)",594,normal,heavy,10,31,30,T106,D006,"[(12.91, 77.67), (13.01, 77.59)]",61,13.11,139
T120,8942,5.32,"(12.98, 77.61)",yes,O120,"(12.89, 77.5)","(12.86, 77.54)",500,very high,clear,14,35,15,T081,D007,"[(12.89, 77.5), (12.86, 77.54)]",43,7.77,119
T121,11693,5.06,"(12.9, 77.65)",yes,O121,"(13.0, 77.7)","(12.94, 77.68)",591,high,heavy,13,33,16,T095,D003,"[(13.0, 77.7), (12.94, 77.68)]",62,14.68,111
T122,13961,5.25,"(12.95, 77.65)",yes,O122,"(12.93, 77.5)","(12.92, 77.57)",520,high,moderate,7,35,32,T385,D002,"[(12.93, 77.5), (12.92, 77.57)]",48,8.66,96
T123,12334,4.96,"(13.08, 77.56)",yes,O123,"(12.97, 77.61)","(13.02, 77.63)",658,very high,clear,14,32,37,T215,D002,"[(12.97, 77.61), (13.02, 77.63)]",47,8.72,84
T124,10162,5.61,"(13.07, 77.63)",yes,O124,"(12.84, 77.55)","(12.86, 77.51)",698,normal,clear,11,27,53,T050,D004,"[(12.84, 77.55), (12.86, 77.51)]",56,6.03,180
T125,11332,4.73,"(12.81, 77.68)",yes,O125,"(12.89, 77.66)","(13.04, 77.65)",523,high,moderate,16,31,35,T493,D005,"[(12.89, 77.66), (13.04, 77.65)]",54,10.39,156
T126,12193,5.17,"(12.98, 77.58)",no,O126,"(12.85, 77.68)","(13.06, 77.6)",601,very high,moderate,17,33,23,T167,D006,"[(12.85, 77.68), (13.06, 77.6)]",83,13.6,101
T127,11713,5.12,"(12.98, 77.53)",yes,O127,"(12.91, 77.69)","(12.99, 77.7)",507,high,heavy,10,34,16,T059,D009,"[(12.91, 77.69), (12.99, 77.7)]",32,11.92,174
T128,10996,4.42,"(12.85, 77.69)",yes,O128,"(13.0, 77.6)","(13.07, 77.5)",780,normal,moderate,6,22,36,T259,D008,"[(13.0, 77.6), (13.07, 77.5)]",51,9.51,113
T129,10649,5.36,"(12.94, 77.53)",yes,O129,"(12.97, 77.68)","(12.85, 77.5)",779,normal,heavy,13,35,24,T375,D002,"[(12.97, 77.68), (12.85, 77.5)]",41,13.54,119
T130,8184,4.89,"(12.87, 77.55)",yes,O130,"(13.05, 77.67)","(13.09, 77.61)",796,high,heavy,18,32,44,T198,D003,"[(13.05, 77.67), (13.09, 77.61)]",65,11.46,132
T131,8454,5.6,"(12.94, 77.65)",yes,O131,"(13.09, 77.5)","(12.98, 77.6)",784,normal,heavy,20,38,39,T195,D003,"[(13.09, 77.5), (12.98, 77.6)]",62,11.33,95
T132,8288,5.58,"(12.8, 77.7)",no,O132,"(12.82, 77.67)","(12.87, 77.56)",633,very high,moderate,5,27,57,T251,D003,"[(12.82, 77.67), (12.87, 77.56)]",36,6.59,136
T133,8076,4.75,"(12.87, 77.7)",no,O133,"(13.0, 77.56)","(12.88, 77.59)",616,high,clear,14,39,58,T224,D001,"[(13.0, 77.56), (12.88, 77.59)]",66,11.21,92
T134,8915,4.62,"(12.97, 77.68)",yes,O134,"(12.89, 77.67)","(13.08, 77.54)",575,high,moderate,9,32,26,T150,D005,"[(12.89, 77.67), (13.08, 77.54)]",49,14.79,114
T135,10421,4.63,"(12.82, 77.6)",yes,O135,"(12.82, 77.69)","(13.06, 77.64)",729,normal,moderate,14,20,16,T020,D008,"[(12.82, 77.69), (13.06, 77.64)]",33,13.95,93
T136,11487,5.99,"(13.05, 77.64)",yes,O136,"(12.98, 77.61)","(12.98, 77.5)",502,high,heavy,16,40,23,T187,D002,"[(12.98, 77.61), (12.98, 77.5)]",89,13.91,159
T137,11885,4.33,"(12.81, 77.54)",yes,O137,"(12.87, 77.51)","(12.83, 77.53)",755,high,heavy,10,29,49,T254,D007,"[(12.87, 77.51), (12.83, 77.53)]",51,6.65,176
T138,12993,4.95,"(12.82, 77.51)",yes,O138,"(12.91, 77.65)","(12.92, 77.63)",559,high,heavy,13,23,32,T183,D009,"[(12.91, 77.65), (12.92, 77.63)]",41,6.1,136
T139,8530,4.86,"(12.9, 77.67)",yes,O139,"(12.86, 77.67)","(13.02, 77.69)",650,high,clear,13,21,34,T066,D004,"[(12.86, 77.67), (13.02, 77.69)]",33,14.38,173
T140,10108,4.03,"(13.01, 77.54)",yes,O140,"(13.09, 77.68)","(12.84, 77.63)",678,very high,heavy,15,30,54,T233,D008,"[(13.09, 77.68), (12.84, 77.63)]",36,7.21,172
T141,11884,4.52,"(12.89, 77.53)",yes,O141,"(12.97, 77.52)","(12.9, 77.69)",504,normal,clear,11,37,50,T068,D007,"[(12.97, 77.52), (12.9, 77.69)]",77,10.32,140
T142,9793,5.2,"(12.98, 77.51)",yes,O142,"(12.97, 77.61)","(12.94, 77.5)",584,normal,moderate,19,31,18,T478,D008,"[(12.97, 77.61), (12.94, 77.5)]",83,10.27,154
T143,12318,4.12,"(12.96, 77.54)",yes,O143,"(13.04, 77.53)","(12.87, 77.54)",785,normal,clear,14,21,28,T364,D001,"[(13.04, 77.53), (12.87, 77.54)]",59,13.96,151
T144,12608,4.17,"(12.81, 77.6)",yes,O144,"(12.92, 77.66)","(13.02, 77.63)",644,high,moderate,13,35,55,T259,D002,"[(12.92, 77.66), (13.02, 77.63)]",68,7.22,100
T145,10125,5.64,"(12.94, 77.63)",yes,O145,"(12.89, 77.61)","(12.85, 77.64)",769,normal,heavy,20,34,21,T149,D003,"[(12.89, 77.61), (12.85, 77.64)]",55,10.72,137
T146,12271,4.16,"(12.88, 77.66)",yes,O146,"(12.96, 77.69)","(13.06, 77.54)",523,very high,heavy,14,30,16,T266,D006,"[(12.96, 77.69), (13.06, 77.54)]",65,14.74,190
T147,10161,4.54,"(12.89, 77.58)",yes,O147,"(12.9, 77.6)","(12.88, 77.6)",785,normal,heavy,7,20,22,T450,D003,"[(12.9, 77.6), (12.88, 77.6)]",68,11.2,182
T148,10651,5.22,"(13.01, 77.68)",yes,O148,"(13.05, 77.64)","(12.82, 77.57)",774,high,clear,5,34,49,T085,D007,"[(13.05, 77.64), (12.82, 77.57)]",46,11.52,161
T149,9075,4.43,"(12.96, 77.67)",yes,O149,"(12.85, 77.55)","(13.04, 77.54)",541,high,moderate,12,37,53,T062,D004,"[(12.85, 77.55), (13.04, 77.54)]",55,7.52,80
T150,13335,5.18,"(12.88, 77.7)",yes,O150,"(12.97, 77.51)","(12.88, 77.64)",686,high,heavy,16,25,27,T076,D007,"[(12.97, 77.51), (12.88, 77.64)]",52,8.89,143
T151,9918,4.2,"(12.97, 77.6)",yes,O151,"(13.07, 77.53)","(12.92, 77.67)",658,high,clear,15,32,46,T225,D005,"[(13.07, 77.53), (12.92, 77.67)]",30,13.08,99
T152,9159,4.48,"(12.92, 77.67)",no,O152,"(12.86, 77.51)","(13.0, 77.68)",747,high,clear,18,39,17,T496,D010,"[(12.86, 77.51), (13.0, 77.68)]",83,12.68,124
T153,8335,4.6,"(12.92, 77.57)",yes,O153,"(12.99, 77.58)","(12.93, 77.63)",662,very high,moderate,16,32,44,T211,D003,"[(12.99, 77.58), (12.93, 77.63)]",63,6.9,137
T154,12941,4.35,"(12.99, 77.69)",yes,O154,"(13.06, 77.61)","(12.89, 77.62)",791,very high,heavy,7,27,24,T330,D005,"[(13.06, 77.61), (12.89, 77.62)]",61,14.03,129
T155,13385,5.74,"(12.93, 77.67)",yes,O155,"(12.88, 77.58)","(12.93, 77.67)",598,very high,clear,12,37,59,T450,D004,"[(12.88, 77.58), (12.93, 77.67)]",90,8.5,153
T156,12615,4.54,"(13.04, 77.52)",yes,O156,"(12.82, 77.61)","(12.84, 77.63)",787,very high,clear,15,34,38,T424,D004,"[(12.82, 77.61), (12.84, 77.63)]",75,12.14,133
T157,9041,4.28,"(12.96, 77.54)",no,O157,"(13.05, 77.56)","(12.95, 77.69)",696,normal,heavy,5,29,60,T459,D002,"[(13.05, 77.56), (12.95, 77.69)]",81,10.88,176
T158,13391,5.32,"(12.88, 77.51)",no,O158,"(12.97, 77.58)","(12.89, 77.61)",622,normal,heavy,16,35,22,T208,D001,"[(12.97, 77.58), (12.89, 77.61)]",59,9.56,190
T159,13159,4.38,"(12.92, 77.63)",yes,O159,"(13.09, 77.68)","(12.83, 77.57)",740,very high,heavy,11,37,46,T062,D006,"[(13.09, 77.68), (12.83, 77.57)]",39,10.74,142
T160,10031,4.83,"(12.91, 77.69)",yes,O160,"(13.0, 77.68)","(13.0, 77.61)",573,very high,clear,16,22,40,T104,D004,"[(13.0, 77.68), (13.0, 77.61)]",47,8.8,193
T161,10185,4.22,"(12.86, 77.61)",yes,O161,"(12.94, 77.69)","(12.94, 77.61)",734,high,heavy,8,37,51,T328,D010,"[(12.94, 77.69), (12.94, 77.61)]",41,8.59,120
T162,11189,5.66,"(12.91, 77.54)",no,O162,"(12.88, 77.62)","(12.81, 77.54)",607,high,moderate,16,30,25,T279,D009,"[(12.88, 77.62), (12.81, 77.54)]",40,12.86,175
T163,12289,4.96,"(13.03, 77.53)",yes,O163,"(13.04, 77.68)","(12.93, 77.68)",585,normal,moderate,9,34,46,T057,D010,"[(13.04, 77.68), (12.93, 77.68)]",47,13.16,104
T164,8283,4.13,"(12.86, 77.58)",yes,O164,"(12.96, 77.6)","(12.81, 77.54)",693,very high,clear,6,29,22,T070,D001,"[(12.96, 77.6), (12.81, 77.54)]",39,11.16,99
T165,9709,5.17,"(12.89, 77.57)",no,O165,"(13.01, 77.63)","(12.93, 77.67)",750,very high,clear,15,21,40,T246,D006,"[(13.01, 77.63), (12.93, 77.67)]",39,14.49,163
T166,9502,4.52,"(12.91, 77.56)",yes,O166,"(12.85, 77.61)","(12.98, 77.7)",557,high,heavy,11,31,22,T133,D003,"[(12.85, 77.61), (12.98, 77.7)]",45,10.08,144
T167,10240,5.09,"(12.82, 77.64)",yes,O167,"(12.86, 77.67)","(13.01, 77.64)",537,very high,heavy,7,28,31,T245,D006,"[(12.86, 77.67), (13.01, 77.64)]",46,6.2,131
T168,10563,4.78,"(13.08, 77.7)",yes,O168,"(13.08, 77.52)","(12.91, 77.51)",629,high,clear,9,33,34,T365,D007,"[(13.08, 77.52), (12.91, 77.51)]",60,10.97,80
T169,12089,4.62,"(12.98, 77.53)",yes,O169,"(12.85, 77.68)","(12.97, 77.51)",575,very high,moderate,18,20,29,T420,D004,"[(12.85, 77.68), (12.97, 77.51)]",41,13.58,89
T170,13694,5.73,"(12.82, 77.54)",yes,O170,"(12.94, 77.68)","(12.92, 77.54)",679,very high,moderate,12,27,24,T253,D002,"[(12.94, 77.68), (12.92, 77.54)]",41,14.2,159
T171,12527,5.64,"(12.83, 77.53)",yes,O171,"(12.81, 77.59)","(12.95, 77.53)",518,high,clear,7,36,23,T016,D008,"[(12.81, 77.59), (12.95, 77.53)]",43,9.32,104
T172,8649,5.89,"(13.08, 77.52)",no,O172,"(13.01, 77.55)","(13.05, 77.54)",735,high,moderate,14,21,32,T448,D008,"[(13.01, 77.55), (13.05, 77.54)]",88,7.7,94
T173,8071,5.17,"(13.08, 77.55)",yes,O173,"(12.91, 77.56)","(12.84, 77.59)",760,very high,moderate,5,32,38,T469,D007,"[(12.91, 77.56), (12.84, 77.59)]",65,10.4,171
T174,9844,5.34,"(13.03, 77.52)",yes,O174,"(12.88, 77.65)","(12.99, 77.66)",540,normal,clear,19,28,17,T154,D007,"[(12.88, 77.65), (12.99, 77.66)]",52,14.75,120
T175,11823,5.9,"(12.96, 77.56)",yes,O175,"(12.91, 77.54)","(12.81, 77.56)",640,very high,clear,20,25,55,T476,D007,"[(12.91, 77.54), (12.81, 77.56)]",46,14.53,156
T176,10185,5.12,"(13.05, 77.62)",yes,O176,"(12.94, 77.57)","(12.88, 77.65)",781,normal,clear,14,23,27,T120,D004,"[(12.94, 77.57), (12.88, 77.65)]",78,11.79,187
T177,10456,5.38,"(13.05, 77.67)",yes,O177,"(13.03, 77.66)","(12.95, 77.67)",614,very high,heavy,12,32,50,T118,D007,"[(13.03, 77.66), (12.95, 77.67)]",55,11.91,179
T178,11338,4.42,"(13.01, 77.57)",yes,O178,"(12.87, 77.68)","(12.83, 77.53)",757,high,clear,16,28,17,T140,D004,"[(12.87, 77.68), (12.83, 77.53)]",68,10.43,139
T179,8507,5.92,"(12.94, 77.58)",yes,O179,"(13.08, 77.66)","(12.83, 77.52)",524,normal,heavy,13,36,47,T137,D004,"[(13.08, 77.66), (12.83, 77.52)]",79,8.46,151
T180,12317,4.93,"(12.97, 77.62)",no,O180,"(13.02, 77.68)","(12.88, 77.66)",781,very high,moderate,10,38,30,T395,D010,"[(13.02, 77.68), (12.88, 77.66)]",31,10.28,160
T181,9028,4.24,"(12.95, 77.65)",yes,O181,"(13.05, 77.51)","(12.81, 77.63)",709,very high,heavy,14,22,55,T147,D009,"[(13.05, 77.51), (12.81, 77.63)]",87,13.79,195
T182,12830,4.35,"(12.92, 77.63)",yes,O182,"(13.02, 77.64)","(13.04, 77.58)",575,very high,moderate,14,23,51,T307,D001,"[(13.02, 77.64), (13.04, 77.58)]",59,7.51,115
T183,9093,5.89,"(12.84, 77.53)",no,O183,"(13.09, 77.68)","(13.08, 77.63)",767,very high,moderate,10,23,44,T459,D005,"[(13.09, 77.68), (13.08, 77.63)]",37,11.45,183
T184,9101,5.98,"(13.02, 77.66)",no,O184,"(13.04, 77.58)","(12.94, 77.66)",553,normal,clear,14,32,28,T198,D004,"[(13.04, 77.58), (12.94, 77.66)]",53,9.56,187
T185,13943,4.82,"(13.05, 77.58)",no,O185,"(12.85, 77.6)","(13.03, 77.69)",615,very high,heavy,7,40,23,T351,D002,"[(12.85, 77.6), (13.03, 77.69)]",50,14.96,187
T186,9513,5.58,"(13.04, 77.64)",yes,O186,"(12.88, 77.69)","(13.06, 77.61)",698,very high,moderate,18,25,33,T068,D006,"[(12.88, 77.69), (13.06, 77.61)]",63,10.04,125
T187,11564,4.57,"(13.01, 77.63)",no,O187,"(12.9, 77.61)","(12.91, 77.62)",583,normal,clear,18,36,16,T277,D002,"[(12.9, 77.61), (12.91, 77.62)]",87,13.57,92
T188,8720,5.34,"(13.04, 77.51)",yes,O188,"(12.82, 77.5)","(13.09, 77.61)",734,normal,moderate,15,32,29,T494,D008,"[(12.82, 77.5), (13.09, 77.61)]",76,14.07,127
T189,10800,4.08,"(12.87, 77.68)",yes,O189,"(13.06, 77.5)","(13.07, 77.64)",632,high,moderate,14,39,51,T164,D009,"[(13.06, 77.5), (13.07, 77.64)]",78,7.76,85
T190,8627,5.71,"(13.1, 77.67)",no,O190,"(12.83, 77.69)","(12.86, 77.64)",749,very high,clear,8,30,20,T158,D005,"[(12.83, 77.69), (12.86, 77.64)]",71,14.37,95
T191,13876,5.94,"(12.93, 77.61)",yes,O191,"(12.83, 77.6)","(13.06, 77.58)",754,very high,clear,6,28,42,T096,D002,"[(12.83, 77.6), (13.06, 77.58)]",62,14.66,152
T192,13799,4.24,"(12.85, 77.5)",yes,O192,"(13.01, 77.67)","(12.89, 77.57)",596,very high,clear,20,36,28,T380,D002,"[(13.01, 77.67), (12.89, 77.57)]",74,6.85,88
T193,13043,5.68,"(13.06, 77.51)",yes,O193,"(12.96, 77.66)","(12.91, 77.63)",735,normal,heavy,18,37,35,T130,D006,"[(12.96, 77.66), (12.91, 77.63)]",45,14.21,152
T194,8620,5.47,"(12.92, 77.53)",yes,O194,"(12.99, 77.67)","(12.94, 77.65)",590,normal,clear,5,31,19,T288,D008,"[(12.99, 77.67), (12.94, 77.65)]",80,6.97,91
T195,10488,4.74,"(12.82, 77.52)",no,O195,"(13.03, 77.53)","(12.92, 77.6)",507,very high,heavy,5,27,50,T166,D007,"[(13.03, 77.53), (12.92, 77.6)]",83,8.98,137
T196,13758,5.69,"(12.85, 77.51)",yes,O196,"(12.84, 77.62)","(12.99, 77.65)",604,high,heavy,18,32,45,T475,D008,"[(12.84, 77.62), (12.99, 77.65)]",51,12.43,104
T197,12905,4.76,"(12.87, 77.66)",yes,O197,"(12.93, 77.51)","(13.0, 77.58)",586,high,clear,5,36,34,T094,D006,"[(12.93, 77.51), (13.0, 77.58)]",33,12.83,174
T198,11938,5.64,"(13.03, 77.65)",yes,O198,"(12.9, 77.69)","(12.88, 77.56)",560,normal,heavy,14,40,48,T206,D004,"[(12.9, 77.69), (12.88, 77.56)]",40,13.42,91
T199,8879,4.27,"(13.08, 77.66)",yes,O199,"(12.85, 77.66)","(13.09, 77.61)",626,normal,clear,13,27,47,T186,D002,"[(12.85, 77.66), (13.09, 77.61)]",46,9.18,83
T200,13860,5.95,"(13.07, 77.62)",yes,O200,"(13.0, 77.53)","(12.99, 77.56)",585,normal,heavy,6,25,37,T348,D010,"[(13.0, 77.53), (12.99, 77.56)]",40,8.56,168
T201,12758,5.96,"(12.88, 77.61)",yes,O201,"(13.02, 77.61)","(13.07, 77.57)",710,very high,heavy,6,26,59,T304,D001,"[(13.02, 77.61), (13.07, 77.57)]",40,14.51,106
T202,8728,4.58,"(12.96, 77.57)",no,O202,"(12.94, 77.59)","(12.8, 77.57)",613,very high,clear,11,40,44,T355,D004,"[(12.94, 77.59), (12.8, 77.57)]",47,10.82,122
T203,8829,4.91,"(12.86, 77.65)",no,O203,"(13.02, 77.54)","(13.05, 77.56)",557,very high,moderate,7,30,44,T448,D005,"[(13.02, 77.54), (13.05, 77.56)]",71,12.06,189
T204,10824,4.33,"(12.96, 77.63)",yes,O204,"(12.97, 77.53)","(13.0, 77.54)",689,normal,moderate,14,24,58,T241,D003,"[(12.97, 77.53), (13.0, 77.54)]",46,11.82,162
T205,10945,5.86,"(13.03, 77.6)",yes,O205,"(13.07, 77.58)","(12.91, 77.55)",704,high,clear,10,30,48,T242,D001,"[(13.07, 77.58), (12.91, 77.55)]",50,12.97,147
T206,13320,4.43,"(12.83, 77.67)",yes,O206,"(12.85, 77.56)","(12.83, 77.6)",743,normal,moderate,19,21,52,T457,D006,"[(12.85, 77.56), (12.83, 77.6)]",30,8.88,134
T207,8421,5.66,"(13.1, 77.63)",yes,O207,"(12.96, 77.7)","(12.85, 77.65)",662,very high,heavy,12,36,25,T329,D001,"[(12.96, 77.7), (12.85, 77.65)]",54,10.43,94
T208,11433,5.93,"(13.06, 77.59)",no,O208,"(12.83, 77.69)","(12.92, 77.67)",648,very high,clear,7,20,54,T319,D001,"[(12.83, 77.69), (12.92, 77.67)]",45,11.61,126
T209,13064,5.17,"(12.81, 77.68)",yes,O209,"(12.89, 77.55)","(13.01, 77.56)",541,high,moderate,5,23,18,T290,D006,"[(12.89, 77.55), (13.01, 77.56)]",60,13.24,169
T210,11540,5.15,"(12.89, 77.53)",no,O210,"(13.03, 77.66)","(12.91, 77.57)",735,normal,heavy,18,29,50,T086,D003,"[(13.03, 77.66), (12.91, 77.57)]",70,14.93,118
T211,12523,4.98,"(12.99, 77.53)",yes,O211,"(12.87, 77.62)","(12.87, 77.67)",555,normal,heavy,17,26,40,T314,D003,"[(12.87, 77.62), (12.87, 77.67)]",46,10.93,119
T212,9043,5.62,"(12.82, 77.52)",yes,O212,"(12.91, 77.56)","(12.95, 77.51)",535,very high,clear,11,28,43,T243,D007,"[(12.91, 77.56), (12.95, 77.51)]",42,14.65,104
T213,8460,4.3,"(12.96, 77.66)",yes,O213,"(12.95, 77.65)","(12.81, 77.7)",699,normal,clear,15,39,17,T106,D006,"[(12.95, 77.65), (12.81, 77.7)]",41,12.43,185
T214,12893,4.45,"(12.94, 77.55)",no,O214,"(12.8, 77.61)","(12.94, 77.64)",625,high,heavy,17,20,36,T424,D004,"[(12.8, 77.61), (12.94, 77.64)]",41,14.76,84
T215,10627,5.28,"(12.9, 77.64)",yes,O215,"(13.05, 77.52)","(12.86, 77.65)",787,very high,clear,17,39,57,T232,D002,"[(13.05, 77.52), (12.86, 77.65)]",34,14.8,180
T216,10430,5.7,"(13.03, 77.55)",yes,O216,"(13.01, 77.52)","(12.94, 77.65)",561,normal,heavy,15,20,18,T171,D008,"[(13.01, 77.52), (12.94, 77.65)]",49,7.05,169
T217,13293,4.11,"(12.96, 77.65)",yes,O217,"(12.94, 77.67)","(12.99, 77.63)",746,very high,moderate,14,38,19,T146,D003,"[(12.94, 77.67), (12.99, 77.63)]",59,9.69,185
T218,8490,4.63,"(13.01, 77.63)",no,O218,"(12.97, 77.68)","(12.93, 77.62)",668,high,moderate,8,32,18,T078,D010,"[(12.97, 77.68), (12.93, 77.62)]",40,11.86,156
T219,9081,5.22,"(12.92, 77.54)",yes,O219,"(12.9, 77.52)","(12.98, 77.61)",599,high,moderate,13,38,60,T335,D008,"[(12.9, 77.52), (12.98, 77.61)]",74,12.32,161
T220,10241,4.32,"(12.89, 77.6)",yes,O220,"(12.87, 77.61)","(13.07, 77.57)",631,normal,heavy,17,31,43,T204,D008,"[(12.87, 77.61), (13.07, 77.57)]",65,12.15,158
T221,8235,4.95,"(12.93, 77.66)",yes,O221,"(13.07, 77.51)","(13.09, 77.51)",507,normal,clear,9,26,30,T078,D004,"[(13.07, 77.51), (13.09, 77.51)]",38,9.5,119
T222,10706,5.02,"(12.96, 77.6)",yes,O222,"(12.86, 77.58)","(12.87, 77.66)",590,very high,heavy,7,21,34,T184,D002,"[(12.86, 77.58), (12.87, 77.66)]",67,14.91,121
T223,8495,5.17,"(12.82, 77.53)",no,O223,"(12.94, 77.68)","(13.04, 77.64)",714,very high,moderate,15,28,50,T410,D006,"[(12.94, 77.68), (13.04, 77.64)]",47,9.91,140
T224,9063,4.23,"(12.89, 77.58)",no,O224,"(13.02, 77.65)","(13.07, 77.52)",795,high,clear,9,35,24,T422,D006,"[(13.02, 77.65), (13.07, 77.52)]",33,14.56,119
T225,9623,4.2,"(13.07, 77.68)",no,O225,"(12.97, 77.61)","(13.1, 77.53)",612,very high,clear,6,36,60,T233,D008,"[(12.97, 77.61), (13.1, 77.53)]",74,11.97,164
T226,11812,5.83,"(13.08, 77.55)",yes,O226,"(12.84, 77.56)","(13.05, 77.68)",572,normal,clear,15,33,43,T045,D009,"[(12.84, 77.56), (13.05, 77.68)]",36,12.78,126
T227,8891,5.49,"(13.05, 77.54)",yes,O227,"(13.04, 77.53)","(12.84, 77.7)",775,high,moderate,9,29,40,T128,D004,"[(13.04, 77.53), (12.84, 77.7)]",49,10.32,157
T228,13404,4.66,"(13.07, 77.62)",yes,O228,"(13.09, 77.67)","(13.1, 77.69)",791,very high,clear,15,23,38,T395,D009,"[(13.09, 77.67), (13.1, 77.69)]",30,12.69,188
T229,8734,5.76,"(12.98, 77.58)",yes,O229,"(12.98, 77.66)","(12.99, 77.5)",716,very high,clear,14,35,25,T329,D010,"[(12.98, 77.66), (12.99, 77.5)]",79,7.11,98
T230,10935,5.4,"(12.82, 77.51)",yes,O230,"(13.08, 77.54)","(13.02, 77.69)",738,high,clear,20,20,19,T390,D009,"[(13.08, 77.54), (13.02, 77.69)]",75,11.96,87
T231,10246,4.29,"(13.0, 77.63)",yes,O231,"(13.02, 77.55)","(13.02, 77.53)",565,normal,heavy,6,25,31,T303,D002,"[(13.02, 77.55), (13.02, 77.53)]",71,12.16,148
T232,12846,5.45,"(13.09, 77.51)",yes,O232,"(12.95, 77.52)","(13.04, 77.56)",530,very high,moderate,6,38,54,T230,D001,"[(12.95, 77.52), (13.04, 77.56)]",49,13.97,81
T233,8622,5.69,"(12.95, 77.67)",no,O233,"(12.86, 77.62)","(12.89, 77.67)",765,normal,moderate,9,20,37,T041,D005,"[(12.86, 77.62), (12.89, 77.67)]",51,8.27,192
T234,11902,5.0,"(13.02, 77.66)",yes,O234,"(13.03, 77.69)","(13.05, 77.63)",606,normal,moderate,15,33,46,T395,D007,"[(13.03, 77.69), (13.05, 77.63)]",58,11.64,94
T235,10383,5.59,"(12.82, 77.51)",no,O235,"(12.86, 77.68)","(13.02, 77.69)",646,very high,moderate,6,27,33,T381,D006,"[(12.86, 77.68), (13.02, 77.69)]",85,10.41,169
T236,12897,4.76,"(13.01, 77.66)",yes,O236,"(12.94, 77.67)","(12.96, 77.54)",563,high,moderate,16,36,53,T396,D008,"[(12.94, 77.67), (12.96, 77.54)]",77,14.96,122
T237,11070,4.78,"(12.92, 77.64)",yes,O237,"(12.98, 77.56)","(12.94, 77.6)",671,normal,moderate,5,26,19,T480,D001,"[(12.98, 77.56), (12.94, 77.6)]",51,12.61,182
T238,10991,5.82,"(13.08, 77.54)",yes,O238,"(12.92, 77.64)","(12.92, 77.63)",754,very high,heavy,9,32,28,T399,D008,"[(12.92, 77.64), (12.92, 77.63)]",45,11.85,110
T239,12846,5.18,"(13.08, 77.67)",yes,O239,"(12.95, 77.52)","(12.96, 77.61)",717,high,clear,17,22,55,T383,D009,"[(12.95, 77.52), (12.96, 77.61)]",81,13.82,181
T240,8576,4.09,"(12.98, 77.64)",yes,O240,"(13.05, 77.66)","(13.05, 77.56)",565,high,clear,15,22,51,T193,D002,"[(13.05, 77.66), (13.05, 77.56)]",37,7.03,174
T241,10531,4.55,"(12.93, 77.58)",yes,O241,"(12.85, 77.58)","(13.01, 77.62)",665,very high,moderate,12,23,19,T317,D003,"[(12.85, 77.58), (13.01, 77.62)]",86,6.44,91
T242,9421,4.44,"(13.06, 77.61)",yes,O242,"(12.95, 77.64)","(13.07, 77.64)",517,high,clear,14,30,23,T120,D007,"[(12.95, 77.64), (13.07, 77.64)]",46,8.07,115
T243,9075,4.35,"(12.8, 77.51)",yes,O243,"(12.84, 77.63)","(12.99, 77.52)",642,normal,clear,5,35,20,T232,D009,"[(12.84, 77.63), (12.99, 77.52)]",41,11.2,131
T244,11116,4.91,"(12.93, 77.52)",yes,O244,"(12.94, 77.67)","(13.09, 77.57)",635,normal,moderate,20,35,43,T168,D007,"[(12.94, 77.67), (13.09, 77.57)]",43,8.98,199
T245,12894,5.48,"(12.84, 77.57)",yes,O245,"(13.08, 77.54)","(12.92, 77.61)",517,normal,heavy,11,24,42,T235,D004,"[(13.08, 77.54), (12.92, 77.61)]",73,6.45,153
T246,12540,5.22,"(13.01, 77.6)",yes,O246,"(12.93, 77.66)","(13.02, 77.66)",575,normal,heavy,19,23,34,T158,D002,"[(12.93, 77.66), (13.02, 77.66)]",44,14.57,192
T247,13934,5.04,"(12.98, 77.64)",yes,O247,"(12.93, 77.66)","(13.07, 77.66)",527,very high,heavy,5,29,23,T465,D005,"[(12.93, 77.66), (13.07, 77.66)]",36,8.48,189
T248,10909,5.31,"(12.92, 77.7)",yes,O248,"(12.88, 77.51)","(12.97, 77.62)",625,high,clear,15,32,33,T373,D001,"[(12.88, 77.51), (12.97, 77.62)]",66,13.86,91
T249,10739,4.99,"(13.0, 77.58)",no,O249,"(12.82, 77.58)","(13.01, 77.69)",696,high,heavy,14,24,30,T301,D001,"[(12.82, 77.58), (13.01, 77.69)]",90,14.98,140
T250,11652,4.8,"(12.88, 77.61)",yes,O250,"(12.93, 77.51)","(13.08, 77.6)",798,high,moderate,15,20,40,T337,D005,"[(12.93, 77.51), (13.08, 77.6)]",41,11.31,112
T251,13123,5.23,"(12.9, 77.59)",yes,O251,"(13.0, 77.58)","(12.97, 77.55)",582,high,moderate,6,33,54,T088,D004,"[(13.0, 77.58), (12.97, 77.55)]",78,10.4,105
T252,11514,5.99,"(12.82, 77.56)",yes,O252,"(12.89, 77.62)","(13.05, 77.53)",533,high,heavy,7,38,34,T149,D003,"[(12.89, 77.62), (13.05, 77.53)]",86,14.53,156
T253,11050,5.97,"(13.03, 77.67)",no,O253,"(12.84, 77.51)","(13.06, 77.5)",655,normal,moderate,19,27,27,T255,D006,"[(12.84, 77.51), (13.06, 77.5)]",82,9.65,173
T254,10428,5.93,"(13.08, 77.62)",yes,O254,"(13.04, 77.69)","(12.9, 77.57)",543,high,clear,8,21,24,T329,D008,"[(13.04, 77.69), (12.9, 77.57)]",76,11.28,80
T255,13097,4.98,"(13.06, 77.57)",yes,O255,"(12.89, 77.58)","(12.84, 77.7)",625,very high,clear,8,37,50,T488,D004,"[(12.89, 77.58), (12.84, 77.7)]",77,7.02,121
T256,11994,4.23,"(13.01, 77.65)",yes,O256,"(12.84, 77.63)","(13.09, 77.67)",584,high,clear,8,33,28,T336,D007,"[(12.84, 77.63), (13.09, 77.67)]",33,13.34,98
T257,11321,5.83,"(13.0, 77.64)",yes,O257,"(12.81, 77.62)","(13.03, 77.57)",640,very high,clear,8,34,51,T333,D009,"[(12.81, 77.62), (13.03, 77.57)]",77,7.64,135
T258,10900,5.32,"(12.95, 77.54)",yes,O258,"(12.92, 77.52)","(12.87, 77.61)",727,normal,clear,16,22,20,T202,D003,"[(12.92, 77.52), (12.87, 77.61)]",66,9.07,131
T259,13531,4.95,"(12.98, 77.68)",yes,O259,"(13.07, 77.59)","(12.82, 77.68)",525,high,clear,20,36,57,T133,D003,"[(13.07, 77.59), (12.82, 77.68)]",58,11.97,120
T260,10153,5.26,"(12.87, 77.5)",yes,O260,"(12.94, 77.68)","(12.92, 77.67)",549,normal,heavy,11,39,52,T032,D006,"[(12.94, 77.68), (12.92, 77.67)]",87,14.79,131
T261,9067,4.47,"(12.94, 77.51)",yes,O261,"(13.01, 77.58)","(12.81, 77.65)",700,very high,heavy,15,38,58,T371,D003,"[(13.01, 77.58), (12.81, 77.65)]",35,11.05,112
T262,10155,5.68,"(12.8, 77.7)",yes,O262,"(12.9, 77.62)","(13.0, 77.67)",679,high,clear,12,39,39,T191,D002,"[(12.9, 77.62), (13.0, 77.67)]",64,10.7,173
T263,13982,4.89,"(13.09, 77.5)",yes,O263,"(13.01, 77.7)","(12.97, 77.63)",777,normal,moderate,10,24,49,T426,D001,"[(13.01, 77.7), (12.97, 77.63)]",90,6.81,148
T264,8146,4.15,"(13.07, 77.67)",no,O264,"(13.02, 77.64)","(13.07, 77.64)",678,very high,heavy,5,39,17,T415,D005,"[(13.02, 77.64), (13.07, 77.64)]",54,13.74,84
T265,12432,5.28,"(12.88, 77.56)",yes,O265,"(12.98, 77.63)","(13.04, 77.59)",615,normal,moderate,17,28,43,T229,D010,"[(12.98, 77.63), (13.04, 77.59)]",85,9.36,185
T266,9358,4.48,"(13.08, 77.58)",yes,O266,"(12.98, 77.57)","(13.01, 77.64)",524,high,clear,5,30,46,T320,D006,"[(12.98, 77.57), (13.01, 77.64)]",33,6.54,119
T267,10519,5.49,"(12.89, 77.69)",no,O267,"(13.1, 77.64)","(12.82, 77.68)",745,high,moderate,7,23,38,T429,D008,"[(13.1, 77.64), (12.82, 77.68)]",81,9.07,129
T268,10593,5.75,"(12.86, 77.68)",yes,O268,"(12.87, 77.66)","(12.97, 77.67)",662,normal,moderate,11,28,30,T036,D005,"[(12.87, 77.66), (12.97, 77.67)]",39,10.39,161
T269,8139,4.96,"(12.82, 77.65)",yes,O269,"(13.06, 77.6)","(12.89, 77.68)",782,very high,moderate,8,31,58,T241,D009,"[(13.06, 77.6), (12.89, 77.68)]",53,6.71,197
T270,10396,5.82,"(13.03, 77.68)",no,O270,"(12.93, 77.52)","(12.82, 77.68)",784,high,moderate,16,25,26,T123,D002,"[(12.93, 77.52), (12.82, 77.68)]",77,14.6,183
T271,12762,4.54,"(13.0, 77.68)",yes,O271,"(12.94, 77.62)","(13.07, 77.68)",513,high,moderate,7,33,56,T483,D003,"[(12.94, 77.62), (13.07, 77.68)]",84,7.4,165
T272,9650,4.76,"(13.07, 77.63)",no,O272,"(13.01, 77.53)","(13.07, 77.63)",691,very high,moderate,8,29,50,T432,D008,"[(13.01, 77.53), (13.07, 77.63)]",51,14.37,184
T273,8561,4.29,"(13.02, 77.52)",yes,O273,"(12.96, 77.56)","(13.0, 77.56)",565,very high,clear,12,29,47,T022,D008,"[(12.96, 77.56), (13.0, 77.56)]",87,8.08,164
T274,10020,4.02,"(13.06, 77.69)",yes,O274,"(12.82, 77.64)","(13.09, 77.55)",677,high,heavy,12,32,38,T071,D008,"[(12.82, 77.64), (13.09, 77.55)]",61,6.85,142
T275,8115,4.79,"(12.87, 77.59)",yes,O275,"(12.8, 77.59)","(13.0, 77.68)",746,high,heavy,6,23,47,T178,D009,"[(12.8, 77.59), (13.0, 77.68)]",34,8.59,106
T276,9566,5.93,"(12.84, 77.52)",yes,O276,"(13.09, 77.51)","(12.85, 77.61)",767,high,heavy,12,33,58,T479,D005,"[(13.09, 77.51), (12.85, 77.61)]",48,6.97,174
T277,9980,5.82,"(12.97, 77.64)",yes,O277,"(12.9, 77.68)","(12.8, 77.65)",706,normal,heavy,9,31,43,T079,D009,"[(12.9, 77.68), (12.8, 77.65)]",32,9.66,91
T278,12252,5.84,"(13.09, 77.64)",yes,O278,"(13.06, 77.59)","(12.98, 77.57)",520,high,moderate,11,40,33,T428,D004,"[(13.06, 77.59), (12.98, 77.57)]",44,12.63,117
T279,12132,4.28,"(12.98, 77.58)",yes,O279,"(13.09, 77.64)","(12.89, 77.62)",656,very high,clear,19,40,56,T434,D002,"[(13.09, 77.64), (12.89, 77.62)]",69,10.94,142
T280,9067,4.32,"(12.87, 77.67)",yes,O280,"(13.01, 77.55)","(13.04, 77.69)",666,very high,moderate,8,25,27,T062,D004,"[(13.01, 77.55), (13.04, 77.69)]",80,13.49,143
T281,11069,4.98,"(12.86, 77.57)",yes,O281,"(13.02, 77.58)","(12.94, 77.54)",700,very high,heavy,17,40,35,T248,D004,"[(13.02, 77.58), (12.94, 77.54)]",35,7.87,153
T282,9369,5.99,"(12.92, 77.69)",yes,O282,"(12.84, 77.67)","(12.98, 77.5)",689,normal,heavy,11,36,38,T331,D009,"[(12.84, 77.67), (12.98, 77.5)]",73,8.24,85
T283,8977,5.07,"(12.93, 77.65)",yes,O283,"(13.08, 77.66)","(12.8, 77.67)",745,high,heavy,15,38,55,T340,D002,"[(13.08, 77.66), (12.8, 77.67)]",46,6.4,112
T284,9319,4.93,"(12.95, 77.63)",yes,O284,"(12.9, 77.58)","(13.01, 77.66)",685,normal,moderate,13,40,46,T418,D002,"[(12.9, 77.58), (13.01, 77.66)]",33,6.25,199
T285,12656,4.99,"(12.85, 77.52)",yes,O285,"(12.97, 77.56)","(12.92, 77.59)",600,normal,clear,5,25,24,T083,D010,"[(12.97, 77.56), (12.92, 77.59)]",87,8.36,93
T286,10611,4.73,"(12.89, 77.65)",yes,O286,"(12.87, 77.63)","(13.01, 77.61)",764,normal,heavy,7,40,26,T136,D004,"[(12.87, 77.63), (13.01, 77.61)]",69,10.33,145
T287,9571,4.97,"(13.07, 77.62)",yes,O287,"(12.93, 77.53)","(12.85, 77.63)",792,very high,moderate,15,36,46,T336,D007,"[(12.93, 77.53), (12.85, 77.63)]",53,14.57,166
T288,13663,5.98,"(13.06, 77.57)",yes,O288,"(12.85, 77.65)","(13.07, 77.53)",556,normal,clear,10,35,39,T272,D007,"[(12.85, 77.65), (13.07, 77.53)]",69,9.12,97
T289,12761,4.03,"(12.99, 77.61)",yes,O289,"(12.88, 77.69)","(12.84, 77.67)",526,normal,moderate,14,39,52,T322,D010,"[(12.88, 77.69), (12.84, 77.67)]",81,13.02,99
T290,9098,4.98,"(13.03, 77.63)",yes,O290,"(12.95, 77.59)","(12.93, 77.52)",542,normal,moderate,14,24,34,T482,D001,"[(12.95, 77.59), (12.93, 77.52)]",89,13.04,173
T291,11726,4.63,"(13.08, 77.53)",yes,O291,"(12.82, 77.6)","(12.94, 77.55)",649,high,moderate,5,24,38,T475,D004,"[(12.82, 77.6), (12.94, 77.55)]",51,7.45,192
T292,9057,4.55,"(12.92, 77.55)",yes,O292,"(13.07, 77.64)","(13.05, 77.52)",586,high,clear,15,34,18,T392,D007,"[(13.07, 77.64), (13.05, 77.52)]",62,8.25,87
T293,12939,4.86,"(12.82, 77.67)",no,O293,"(13.08, 77.64)","(12.93, 77.69)",591,normal,clear,20,29,28,T391,D009,"[(13.08, 77.64), (12.93, 77.69)]",71,8.34,105
T294,9837,4.42,"(13.07, 77.57)",yes,O294,"(12.82, 77.65)","(12.85, 77.59)",746,very high,heavy,15,31,55,T162,D009,"[(12.82, 77.65), (12.85, 77.59)]",78,6.86,148
T295,11674,4.05,"(12.8, 77.62)",no,O295,"(13.08, 77.64)","(12.83, 77.64)",730,very high,heavy,16,37,40,T180,D004,"[(13.08, 77.64), (12.83, 77.64)]",63,8.97,134
T296,10249,4.41,"(12.92, 77.61)",yes,O296,"(12.97, 77.51)","(13.04, 77.65)",791,very high,heavy,9,30,37,T488,D009,"[(12.97, 77.51), (13.04, 77.65)]",52,12.21,134
T297,9735,5.27,"(12.9, 77.64)",yes,O297,"(12.99, 77.5)","(12.9, 77.62)",584,normal,clear,14,25,38,T057,D010,"[(12.99, 77.5), (12.9, 77.62)]",47,12.39,148
T298,9325,4.46,"(12.87, 77.62)",yes,O298,"(12.9, 77.65)","(12.92, 77.54)",603,normal,moderate,6,20,35,T480,D004,"[(12.9, 77.65), (12.92, 77.54)]",36,6.53,158
T299,9916,5.16,"(12.83, 77.65)",no,O299,"(13.01, 77.68)","(12.91, 77.63)",788,very high,moderate,11,36,18,T268,D010,"[(13.01, 77.68), (12.91, 77.63)]",49,8.66,131
T300,8467,5.34,"(12.93, 77.62)",yes,O300,"(12.97, 77.66)","(12.83, 77.6)",553,normal,heavy,11,35,34,T109,D004,"[(12.97, 77.66), (12.83, 77.6)]",51,11.12,144
T301,12901,5.45,"(13.03, 77.55)",yes,O301,"(12.92, 77.61)","(13.08, 77.57)",705,high,heavy,12,36,22,T034,D001,"[(12.92, 77.61), (13.08, 77.57)]",40,14.15,111
T302,9878,5.65,"(12.89, 77.59)",yes,O302,"(12.87, 77.6)","(12.81, 77.6)",659,very high,clear,6,34,23,T227,D003,"[(12.87, 77.6), (12.81, 77.6)]",38,12.87,126
T303,12293,5.0,"(12.91, 77.6)",yes,O303,"(12.95, 77.62)","(13.09, 77.6)",616,very high,moderate,15,38,46,T437,D009,"[(12.95, 77.62), (13.09, 77.6)]",57,11.65,86
T304,8907,4.27,"(13.03, 77.53)",yes,O304,"(13.07, 77.53)","(13.0, 77.65)",708,very high,heavy,16,32,53,T109,D010,"[(13.07, 77.53), (13.0, 77.65)]",51,8.73,152
T305,10884,4.03,"(12.81, 77.63)",yes,O305,"(12.93, 77.56)","(12.99, 77.55)",543,normal,moderate,13,25,60,T006,D002,"[(12.93, 77.56), (12.99, 77.55)]",67,8.13,178
T306,12976,4.51,"(13.05, 77.59)",no,O306,"(13.06, 77.65)","(12.9, 77.62)",729,very high,clear,18,34,43,T477,D006,"[(13.06, 77.65), (12.9, 77.62)]",56,7.05,113
T307,12754,4.57,"(12.97, 77.56)",yes,O307,"(12.96, 77.62)","(12.91, 77.65)",569,very high,heavy,9,35,28,T003,D008,"[(12.96, 77.62), (12.91, 77.65)]",37,9.58,120
T308,13738,5.68,"(13.03, 77.65)",yes,O308,"(13.0, 77.57)","(12.93, 77.51)",739,normal,heavy,17,38,18,T137,D010,"[(13.0, 77.57), (12.93, 77.51)]",65,8.87,166
T309,8800,5.11,"(12.99, 77.67)",yes,O309,"(13.0, 77.51)","(12.93, 77.6)",624,normal,moderate,14,22,50,T001,D010,"[(13.0, 77.51), (12.93, 77.6)]",67,12.45,87
T310,13966,4.94,"(13.02, 77.6)",yes,O310,"(12.97, 77.68)","(13.05, 77.6)",588,very high,clear,17,23,42,T030,D003,"[(12.97, 77.68), (13.05, 77.6)]",89,7.55,144
T311,8113,5.19,"(13.02, 77.54)",yes,O311,"(13.07, 77.67)","(12.86, 77.55)",504,normal,heavy,19,36,48,T094,D002,"[(13.07, 77.67), (12.86, 77.55)]",65,8.58,149
T312,8752,5.62,"(13.07, 77.59)",yes,O312,"(12.87, 77.52)","(12.99, 77.65)",764,high,heavy,8,33,58,T410,D010,"[(12.87, 77.52), (12.99, 77.65)]",83,7.32,88
T313,10968,4.02,"(12.94, 77.67)",no,O313,"(12.91, 77.54)","(12.94, 77.65)",707,normal,clear,12,26,19,T185,D002,"[(12.91, 77.54), (12.94, 77.65)]",87,11.23,165
T314,9787,6.0,"(13.09, 77.66)",yes,O314,"(12.82, 77.62)","(12.87, 77.61)",734,normal,heavy,18,23,16,T107,D010,"[(12.82, 77.62), (12.87, 77.61)]",55,13.94,153
T315,12268,5.0,"(12.87, 77.54)",yes,O315,"(12.93, 77.69)","(12.86, 77.55)",542,normal,clear,11,32,22,T451,D002,"[(12.93, 77.69), (12.86, 77.55)]",44,14.43,157
T316,12552,5.1,"(12.85, 77.61)",yes,O316,"(12.86, 77.63)","(12.92, 77.61)",644,very high,clear,8,23,20,T053,D005,"[(12.86, 77.63), (12.92, 77.61)]",49,8.33,187
T317,13916,4.19,"(12.97, 77.56)",yes,O317,"(12.92, 77.5)","(12.91, 77.62)",560,normal,moderate,15,22,43,T321,D009,"[(12.92, 77.5), (12.91, 77.62)]",56,7.4,98
T318,11349,5.75,"(13.08, 77.61)",yes,O318,"(12.82, 77.53)","(13.03, 77.67)",594,very high,clear,14,23,16,T151,D002,"[(12.82, 77.53), (13.03, 77.67)]",45,9.42,109
T319,8317,5.85,"(13.01, 77.69)",yes,O319,"(13.07, 77.67)","(13.05, 77.64)",541,high,clear,10,23,15,T079,D002,"[(13.07, 77.67), (13.05, 77.64)]",53,12.49,87
T320,10368,4.97,"(12.88, 77.65)",no,O320,"(13.08, 77.61)","(13.04, 77.63)",712,normal,moderate,5,38,29,T370,D008,"[(13.08, 77.61), (13.04, 77.63)]",34,10.67,98
T321,9029,5.53,"(12.91, 77.59)",yes,O321,"(12.88, 77.54)","(13.03, 77.63)",599,normal,clear,18,20,60,T453,D002,"[(12.88, 77.54), (13.03, 77.63)]",78,9.82,141
T322,12762,5.41,"(13.1, 77.64)",yes,O322,"(12.9, 77.51)","(12.96, 77.5)",708,normal,clear,8,36,59,T480,D003,"[(12.9, 77.51), (12.96, 77.5)]",69,12.64,196
T323,10318,4.66,"(12.87, 77.65)",yes,O323,"(12.88, 77.51)","(12.97, 77.7)",790,high,heavy,16,40,54,T488,D007,"[(12.88, 77.51), (12.97, 77.7)]",40,10.6,125
T324,10135,4.78,"(12.96, 77.55)",yes,O324,"(12.92, 77.61)","(13.05, 77.55)",507,high,clear,20,40,60,T309,D005,"[(12.92, 77.61), (13.05, 77.55)]",86,14.09,85
T325,8730,4.84,"(12.81, 77.54)",yes,O325,"(13.07, 77.5)","(12.98, 77.55)",773,normal,moderate,16,32,24,T161,D010,"[(13.07, 77.5), (12.98, 77.55)]",73,14.2,138
T326,10339,5.36,"(13.07, 77.67)",yes,O326,"(12.86, 77.69)","(13.02, 77.55)",771,normal,heavy,20,21,37,T088,D005,"[(12.86, 77.69), (13.02, 77.55)]",46,14.89,86
T327,8221,4.78,"(12.85, 77.63)",yes,O327,"(13.02, 77.5)","(13.06, 77.69)",730,normal,clear,14,21,30,T471,D005,"[(13.02, 77.5), (13.06, 77.69)]",33,14.89,107
T328,13904,5.1,"(12.98, 77.51)",yes,O328,"(12.85, 77.64)","(13.09, 77.65)",538,very high,clear,10,39,48,T458,D004,"[(12.85, 77.64), (13.09, 77.65)]",49,8.45,131
T329,9191,4.41,"(12.9, 77.56)",no,O329,"(12.88, 77.55)","(13.01, 77.59)",659,very high,clear,18,36,33,T380,D002,"[(12.88, 77.55), (13.01, 77.59)]",69,6.97,179
T330,8421,4.56,"(12.98, 77.65)",yes,O330,"(13.07, 77.66)","(12.95, 77.64)",728,very high,moderate,20,20,43,T074,D007,"[(13.07, 77.66), (12.95, 77.64)]",75,6.3,170
T331,13408,4.17,"(12.9, 77.55)",no,O331,"(13.07, 77.53)","(12.88, 77.58)",504,very high,heavy,19,40,59,T168,D006,"[(13.07, 77.53), (12.88, 77.58)]",64,10.82,171
T332,9113,4.98,"(13.04, 77.62)",no,O332,"(13.02, 77.68)","(12.86, 77.7)",740,high,moderate,7,33,56,T046,D005,"[(13.02, 77.68), (12.86, 77.7)]",42,6.12,155
T333,10726,5.11,"(12.82, 77.63)",yes,O333,"(13.09, 77.57)","(13.09, 77.6)",664,very high,moderate,18,34,25,T119,D007,"[(13.09, 77.57), (13.09, 77.6)]",31,6.45,154
T334,12193,4.39,"(12.81, 77.52)",yes,O334,"(12.9, 77.55)","(12.85, 77.53)",751,high,clear,13,28,59,T435,D006,"[(12.9, 77.55), (12.85, 77.53)]",79,9.53,162
T335,10730,4.34,"(13.09, 77.6)",yes,O335,"(13.07, 77.54)","(13.04, 77.57)",716,very high,heavy,10,35,21,T455,D006,"[(13.07, 77.54), (13.04, 77.57)]",40,9.03,135
T336,11707,5.87,"(12.81, 77.67)",no,O336,"(13.1, 77.57)","(12.96, 77.67)",511,very high,clear,7,28,22,T283,D003,"[(13.1, 77.57), (12.96, 77.67)]",33,12.8,164
T337,12468,4.7,"(12.9, 77.61)",yes,O337,"(13.0, 77.68)","(12.99, 77.5)",682,normal,moderate,18,29,51,T031,D006,"[(13.0, 77.68), (12.99, 77.5)]",31,11.2,129
T338,12969,5.32,"(12.95, 77.61)",yes,O338,"(12.93, 77.68)","(12.87, 77.56)",795,very high,heavy,14,25,25,T254,D006,"[(12.93, 77.68), (12.87, 77.56)]",78,8.79,104
T339,9234,4.27,"(13.07, 77.58)",yes,O339,"(12.91, 77.64)","(13.05, 77.56)",653,high,moderate,19,29,48,T453,D003,"[(12.91, 77.64), (13.05, 77.56)]",32,8.38,101
T340,12178,4.95,"(13.05, 77.68)",yes,O340,"(12.88, 77.69)","(12.89, 77.51)",663,normal,heavy,17,32,29,T046,D006,"[(12.88, 77.69), (12.89, 77.51)]",84,10.95,104
T341,13570,4.52,"(12.85, 77.63)",no,O341,"(12.95, 77.54)","(13.06, 77.65)",584,very high,clear,15,28,33,T174,D005,"[(12.95, 77.54), (13.06, 77.65)]",42,12.09,87
T342,12720,5.41,"(13.0, 77.58)",yes,O342,"(12.97, 77.57)","(13.03, 77.58)",532,normal,heavy,8,20,22,T131,D003,"[(12.97, 77.57), (13.03, 77.58)]",88,9.11,192
T343,12840,4.06,"(12.96, 77.58)",yes,O343,"(13.01, 77.57)","(12.86, 77.67)",656,normal,clear,8,20,20,T368,D010,"[(13.01, 77.57), (12.86, 77.67)]",90,12.49,82
T344,12123,5.71,"(12.88, 77.67)",yes,O344,"(12.82, 77.51)","(12.94, 77.57)",625,very high,clear,20,30,32,T042,D006,"[(12.82, 77.51), (12.94, 77.57)]",65,9.63,118
T345,8862,5.97,"(12.99, 77.62)",yes,O345,"(12.99, 77.58)","(12.89, 77.51)",752,normal,moderate,6,23,16,T048,D007,"[(12.99, 77.58), (12.89, 77.51)]",80,6.8,200
T346,11008,4.01,"(12.94, 77.54)",no,O346,"(12.95, 77.65)","(12.98, 77.69)",593,normal,heavy,20,31,47,T489,D008,"[(12.95, 77.65), (12.98, 77.69)]",74,7.35,152
T347,10316,4.44,"(12.88, 77.51)",yes,O347,"(13.09, 77.63)","(13.08, 77.67)",605,normal,moderate,12,40,48,T391,D010,"[(13.09, 77.63), (13.08, 77.67)]",81,14.15,144
T348,12410,5.64,"(13.07, 77.57)",yes,O348,"(13.02, 77.52)","(13.0, 77.59)",736,normal,heavy,14,35,45,T187,D009,"[(13.02, 77.52), (13.0, 77.59)]",49,12.91,92
T349,9562,5.98,"(12.96, 77.52)",yes,O349,"(13.0, 77.51)","(12.98, 77.56)",500,high,moderate,15,20,48,T332,D002,"[(13.0, 77.51), (12.98, 77.56)]",65,12.02,127
T350,8869,5.04,"(12.97, 77.62)",no,O350,"(13.1, 77.6)","(13.01, 77.61)",559,very high,clear,12,33,42,T375,D001,"[(13.1, 77.6), (13.01, 77.61)]",66,12.22,98
T351,9081,4.49,"(12.89, 77.7)",no,O351,"(12.82, 77.51)","(12.96, 77.55)",512,normal,clear,20,34,41,T341,D009,"[(12.82, 77.51), (12.96, 77.55)]",74,9.24,85
T352,11367,5.02,"(12.95, 77.53)",yes,O352,"(12.9, 77.66)","(12.83, 77.59)",643,very high,clear,7,37,32,T488,D002,"[(12.9, 77.66), (12.83, 77.59)]",56,6.54,156
T353,9111,4.87,"(12.94, 77.65)",yes,O353,"(12.96, 77.52)","(12.84, 77.55)",703,very high,clear,18,34,34,T368,D005,"[(12.96, 77.52), (12.84, 77.55)]",84,6.08,118
T354,12764,5.52,"(12.97, 77.58)",no,O354,"(13.01, 77.52)","(13.02, 77.52)",756,normal,moderate,7,20,30,T263,D010,"[(13.01, 77.52), (13.02, 77.52)]",61,7.41,197
T355,9236,5.3,"(12.9, 77.51)",yes,O355,"(13.0, 77.6)","(13.04, 77.62)",778,normal,heavy,15,20,49,T074,D001,"[(13.0, 77.6), (13.04, 77.62)]",37,11.02,110
T356,8922,5.52,"(13.08, 77.61)",yes,O356,"(12.9, 77.56)","(13.04, 77.63)",695,very high,moderate,6,40,58,T152,D008,"[(12.9, 77.56), (13.04, 77.63)]",62,7.65,114
T357,12436,5.41,"(12.89, 77.62)",yes,O357,"(12.89, 77.56)","(12.82, 77.69)",653,very high,clear,16,29,20,T322,D003,"[(12.89, 77.56), (12.82, 77.69)]",45,9.14,182
T358,12285,4.74,"(13.1, 77.63)",yes,O358,"(12.86, 77.62)","(12.88, 77.55)",605,high,heavy,8,20,60,T439,D005,"[(12.86, 77.62), (12.88, 77.55)]",79,12.88,200
T359,12378,5.91,"(13.07, 77.51)",yes,O359,"(12.95, 77.55)","(12.84, 77.51)",735,normal,heavy,19,27,19,T286,D008,"[(12.95, 77.55), (12.84, 77.51)]",62,7.08,83
T360,12605,4.55,"(12.98, 77.52)",yes,O360,"(12.85, 77.52)","(13.09, 77.53)",691,normal,moderate,10,27,57,T097,D008,"[(12.85, 77.52), (13.09, 77.53)]",48,11.85,179
T361,10375,4.09,"(13.06, 77.68)",yes,O361,"(13.02, 77.68)","(12.88, 77.58)",582,very high,heavy,19,23,37,T171,D005,"[(13.02, 77.68), (12.88, 77.58)]",57,11.75,187
T362,13975,4.91,"(13.05, 77.68)",yes,O362,"(12.81, 77.53)","(12.98, 77.69)",571,very high,clear,7,23,29,T291,D004,"[(12.81, 77.53), (12.98, 77.69)]",87,10.01,109
T363,8422,5.1,"(12.87, 77.59)",yes,O363,"(12.97, 77.6)","(13.09, 77.56)",703,very high,heavy,13,31,39,T100,D001,"[(12.97, 77.6), (13.09, 77.56)]",58,10.11,124
T364,13342,4.62,"(12.82, 77.64)",no,O364,"(13.08, 77.56)","(12.95, 77.59)",769,very high,clear,19,40,46,T236,D010,"[(13.08, 77.56), (12.95, 77.59)]",70,10.75,82
T365,10769,5.92,"(12.91, 77.53)",yes,O365,"(12.95, 77.51)","(12.87, 77.66)",595,normal,clear,9,26,21,T304,D010,"[(12.95, 77.51), (12.87, 77.66)]",85,10.27,80
T366,13972,5.07,"(13.02, 77.54)",yes,O366,"(12.87, 77.69)","(12.88, 77.63)",666,normal,heavy,11,29,27,T191,D008,"[(12.87, 77.69), (12.88, 77.63)]",66,7.32,159
T367,9966,4.28,"(12.89, 77.65)",no,O367,"(13.06, 77.53)","(12.92, 77.69)",677,normal,clear,8,30,45,T049,D002,"[(13.06, 77.53), (12.92, 77.69)]",54,9.49,142
T368,12046,4.9,"(12.94, 77.6)",yes,O368,"(12.95, 77.63)","(13.09, 77.55)",772,high,heavy,8,32,42,T011,D006,"[(12.95, 77.63), (13.09, 77.55)]",30,8.67,151
T369,9200,4.95,"(12.91, 77.61)",yes,O369,"(13.02, 77.52)","(12.99, 77.61)",674,normal,moderate,9,25,21,T329,D008,"[(13.02, 77.52), (12.99, 77.61)]",89,8.23,133
T370,8251,5.74,"(12.97, 77.67)",no,O370,"(12.84, 77.65)","(13.02, 77.61)",720,normal,heavy,18,31,29,T399,D007,"[(12.84, 77.65), (13.02, 77.61)]",64,8.01,190
T371,8202,4.2,"(12.81, 77.55)",yes,O371,"(12.9, 77.61)","(12.98, 77.66)",674,very high,moderate,16,40,43,T020,D003,"[(12.9, 77.61), (12.98, 77.66)]",50,8.05,103
T372,10272,5.43,"(12.87, 77.63)",yes,O372,"(12.94, 77.54)","(13.01, 77.69)",658,normal,heavy,17,40,46,T475,D004,"[(12.94, 77.54), (13.01, 77.69)]",78,12.22,143
T373,13707,5.65,"(12.83, 77.56)",yes,O373,"(12.99, 77.68)","(13.04, 77.68)",749,normal,moderate,7,26,56,T273,D006,"[(12.99, 77.68), (13.04, 77.68)]",57,12.48,88
T374,8954,4.21,"(13.08, 77.59)",yes,O374,"(12.96, 77.68)","(13.02, 77.61)",562,normal,heavy,18,28,35,T479,D009,"[(12.96, 77.68), (13.02, 77.61)]",75,11.71,126
T375,8158,5.91,"(12.82, 77.65)",yes,O375,"(13.07, 77.65)","(12.81, 77.66)",596,very high,heavy,5,32,51,T228,D008,"[(13.07, 77.65), (12.81, 77.66)]",34,9.34,110
T376,8339,5.75,"(13.03, 77.52)",yes,O376,"(12.93, 77.63)","(13.0, 77.5)",533,high,moderate,11,34,36,T369,D005,"[(12.93, 77.63), (13.0, 77.5)]",59,8.78,92
T377,11937,4.07,"(12.99, 77.51)",yes,O377,"(12.83, 77.5)","(12.97, 77.52)",800,very high,clear,9,25,37,T313,D005,"[(12.83, 77.5), (12.97, 77.52)]",74,7.13,95
T378,9328,5.1,"(12.86, 77.54)",no,O378,"(12.94, 77.64)","(12.84, 77.66)",562,very high,clear,17,28,18,T472,D008,"[(12.94, 77.64), (12.84, 77.66)]",41,13.73,90
T379,8894,5.15,"(12.9, 77.62)",yes,O379,"(13.1, 77.55)","(12.89, 77.6)",564,high,clear,17,25,49,T092,D002,"[(13.1, 77.55), (12.89, 77.6)]",90,9.2,103
T380,11106,5.65,"(12.82, 77.62)",yes,O380,"(13.02, 77.53)","(13.06, 77.69)",503,very high,heavy,18,27,54,T017,D003,"[(13.02, 77.53), (13.06, 77.69)]",30,10.99,165
T381,8507,5.42,"(13.06, 77.55)",no,O381,"(12.81, 77.69)","(12.92, 77.53)",514,normal,clear,5,25,48,T383,D003,"[(12.81, 77.69), (12.92, 77.53)]",68,7.39,163
T382,9320,5.62,"(12.98, 77.61)",no,O382,"(12.99, 77.64)","(13.07, 77.53)",785,very high,moderate,12,39,60,T360,D004,"[(12.99, 77.64), (13.07, 77.53)]",83,13.26,90
T383,11569,5.24,"(13.0, 77.59)",yes,O383,"(12.84, 77.59)","(13.03, 77.7)",553,high,moderate,5,32,25,T045,D005,"[(12.84, 77.59), (13.03, 77.7)]",72,9.71,166
T384,11812,5.98,"(12.92, 77.67)",yes,O384,"(12.95, 77.55)","(13.03, 77.64)",689,very high,clear,15,30,32,T074,D005,"[(12.95, 77.55), (13.03, 77.64)]",52,12.49,80
T385,12680,4.03,"(13.0, 77.65)",yes,O385,"(12.98, 77.52)","(13.07, 77.58)",698,very high,clear,16,34,20,T091,D003,"[(12.98, 77.52), (13.07, 77.58)]",45,7.52,120
T386,11845,4.12,"(12.95, 77.59)",yes,O386,"(12.86, 77.53)","(13.05, 77.64)",600,normal,moderate,15,33,59,T083,D007,"[(12.86, 77.53), (13.05, 77.64)]",38,12.76,177
T387,9255,4.93,"(12.85, 77.57)",yes,O387,"(12.85, 77.57)","(12.8, 77.68)",697,high,moderate,19,26,18,T453,D001,"[(12.85, 77.57), (12.8, 77.68)]",52,14.42,183
T388,10712,5.74,"(12.9, 77.65)",yes,O388,"(12.82, 77.65)","(12.82, 77.53)",627,high,clear,8,23,23,T466,D005,"[(12.82, 77.65), (12.82, 77.53)]",33,6.08,153
T389,12438,5.85,"(12.94, 77.58)",yes,O389,"(12.84, 77.55)","(12.92, 77.66)",640,normal,moderate,16,35,48,T352,D001,"[(12.84, 77.55), (12.92, 77.66)]",51,10.43,93
T390,12566,5.57,"(13.07, 77.59)",yes,O390,"(13.07, 77.6)","(13.08, 77.63)",637,high,clear,19,29,21,T221,D009,"[(13.07, 77.6), (13.08, 77.63)]",32,6.51,160
T391,13057,4.65,"(12.92, 77.56)",yes,O391,"(12.81, 77.51)","(12.91, 77.58)",554,high,clear,20,29,45,T125,D001,"[(12.81, 77.51), (12.91, 77.58)]",89,6.23,152
T392,10790,5.73,"(12.97, 77.62)",yes,O392,"(12.98, 77.62)","(13.04, 77.7)",684,normal,clear,6,32,41,T477,D010,"[(12.98, 77.62), (13.04, 77.7)]",49,10.96,190
T393,12114,4.6,"(12.89, 77.55)",yes,O393,"(12.91, 77.58)","(13.06, 77.68)",741,high,moderate,20,37,49,T132,D003,"[(12.91, 77.58), (13.06, 77.68)]",43,8.36,190
T394,10034,4.26,"(12.97, 77.62)",yes,O394,"(12.85, 77.58)","(13.07, 77.65)",527,normal,heavy,8,39,29,T211,D010,"[(12.85, 77.58), (13.07, 77.65)]",35,11.05,134
T395,13711,4.8,"(12.92, 77.56)",yes,O395,"(12.83, 77.64)","(12.95, 77.53)",644,high,moderate,10,20,26,T273,D009,"[(12.83, 77.64), (12.95, 77.53)]",33,6.51,197
T396,9875,4.92,"(12.84, 77.54)",yes,O396,"(13.01, 77.69)","(12.89, 77.59)",661,normal,moderate,10,22,25,T233,D009,"[(13.01, 77.69), (12.89, 77.59)]",37,10.52,153
T397,8523,5.38,"(13.02, 77.55)",no,O397,"(13.04, 77.54)","(12.85, 77.52)",746,normal,clear,17,20,36,T451,D007,"[(13.04, 77.54), (12.85, 77.52)]",76,13.24,146
T398,12600,4.92,"(12.95, 77.62)",yes,O398,"(12.87, 77.67)","(12.99, 77.57)",578,very high,moderate,12,30,34,T210,D005,"[(12.87, 77.67), (12.99, 77.57)]",32,13.8,132
T399,12960,5.87,"(12.92, 77.63)",yes,O399,"(13.0, 77.56)","(13.01, 77.54)",597,very high,heavy,16,24,42,T315,D009,"[(13.0, 77.56), (13.01, 77.54)]",61,9.42,141
T400,12416,5.03,"(12.99, 77.52)",yes,O400,"(12.82, 77.6)","(13.05, 77.69)",593,normal,moderate,16,24,46,T380,D001,"[(12.82, 77.6), (13.05, 77.69)]",62,9.06,188
T401,13957,4.58,"(12.97, 77.64)",yes,O401,"(12.81, 77.5)","(12.96, 77.52)",656,very high,clear,18,23,47,T329,D002,"[(12.81, 77.5), (12.96, 77.52)]",58,9.43,198
T402,13970,5.46,"(13.01, 77.53)",yes,O402,"(12.84, 77.57)","(13.03, 77.58)",513,very high,clear,20,27,31,T406,D009,"[(12.84, 77.57), (13.03, 77.58)]",58,10.6,139
T403,10889,4.97,"(13.09, 77.55)",yes,O403,"(13.06, 77.68)","(12.95, 77.67)",634,normal,moderate,11,21,60,T437,D009,"[(13.06, 77.68), (12.95, 77.67)]",43,12.78,104
T404,11684,4.08,"(12.95, 77.56)",yes,O404,"(13.0, 77.5)","(12.9, 77.53)",687,normal,clear,8,29,46,T133,D007,"[(13.0, 77.5), (12.9, 77.53)]",76,13.35,89
T405,11313,4.8,"(12.95, 77.61)",yes,O405,"(12.87, 77.54)","(12.84, 77.5)",628,high,moderate,12,36,58,T261,D008,"[(12.87, 77.54), (12.84, 77.5)]",50,11.36,186
T406,8376,5.7,"(12.84, 77.65)",yes,O406,"(13.03, 77.53)","(12.9, 77.68)",768,very high,moderate,9,21,22,T024,D002,"[(13.03, 77.53), (12.9, 77.68)]",82,10.67,170
T407,8274,5.05,"(12.84, 77.55)",no,O407,"(13.07, 77.62)","(13.08, 77.56)",673,normal,heavy,5,22,18,T323,D005,"[(13.07, 77.62), (13.08, 77.56)]",87,6.75,89
T408,12159,4.94,"(12.89, 77.69)",no,O408,"(13.04, 77.65)","(12.96, 77.69)",593,high,moderate,19,33,53,T003,D008,"[(13.04, 77.65), (12.96, 77.69)]",78,7.94,82
T409,10764,4.38,"(13.0, 77.56)",yes,O409,"(13.0, 77.69)","(13.08, 77.6)",705,normal,moderate,15,28,19,T080,D005,"[(13.0, 77.69), (13.08, 77.6)]",80,7.3,185
T410,11101,4.55,"(12.85, 77.54)",yes,O410,"(12.88, 77.52)","(12.88, 77.64)",797,very high,heavy,12,27,56,T167,D004,"[(12.88, 77.52), (12.88, 77.64)]",80,14.77,126
T411,10111,5.45,"(12.97, 77.68)",no,O411,"(13.09, 77.56)","(12.98, 77.68)",508,high,moderate,7,26,28,T423,D001,"[(13.09, 77.56), (12.98, 77.68)]",82,13.32,132
T412,12629,4.04,"(12.91, 77.68)",yes,O412,"(12.86, 77.67)","(12.99, 77.66)",617,normal,heavy,16,35,16,T416,D010,"[(12.86, 77.67), (12.99, 77.66)]",55,9.98,147
T413,10713,4.11,"(13.03, 77.7)",yes,O413,"(12.87, 77.57)","(13.01, 77.5)",638,high,heavy,15,26,52,T178,D009,"[(12.87, 77.57), (13.01, 77.5)]",74,14.5,90
T414,11037,4.95,"(12.81, 77.65)",yes,O414,"(12.81, 77.56)","(13.07, 77.53)",796,high,heavy,5,38,43,T282,D010,"[(12.81, 77.56), (13.07, 77.53)]",59,11.34,148
T415,11405,4.52,"(12.85, 77.51)",yes,O415,"(12.96, 77.62)","(12.95, 77.52)",635,normal,moderate,8,35,18,T214,D006,"[(12.96, 77.62), (12.95, 77.52)]",34,11.94,108
T416,8442,4.07,"(12.99, 77.57)",yes,O416,"(12.8, 77.56)","(12.81, 77.62)",603,normal,moderate,5,22,32,T329,D002,"[(12.8, 77.56), (12.81, 77.62)]",43,13.25,148
T417,13255,5.37,"(12.94, 77.58)",yes,O417,"(13.04, 77.59)","(13.05, 77.52)",711,very high,clear,8,38,29,T426,D006,"[(13.04, 77.59), (13.05, 77.52)]",55,6.55,162
T418,10560,5.76,"(13.01, 77.59)",no,O418,"(12.96, 77.64)","(12.82, 77.53)",606,normal,clear,7,39,34,T500,D004,"[(12.96, 77.64), (12.82, 77.53)]",73,12.48,115
T419,11930,4.75,"(12.86, 77.7)",yes,O419,"(12.94, 77.68)","(13.07, 77.52)",749,high,clear,5,31,15,T021,D006,"[(12.94, 77.68), (13.07, 77.52)]",76,10.72,138
T420,12448,5.86,"(13.06, 77.61)",yes,O420,"(12.89, 77.52)","(12.91, 77.65)",772,high,heavy,7,25,37,T213,D007,"[(12.89, 77.52), (12.91, 77.65)]",38,6.53,174
T421,9974,5.24,"(12.95, 77.61)",yes,O421,"(12.96, 77.55)","(12.81, 77.57)",562,high,heavy,10,37,41,T279,D008,"[(12.96, 77.55), (12.81, 77.57)]",84,7.6,193
T422,9701,5.78,"(12.98, 77.6)",yes,O422,"(12.97, 77.67)","(12.82, 77.56)",638,very high,moderate,20,20,42,T033,D003,"[(12.97, 77.67), (12.82, 77.56)]",49,13.65,195
T423,13861,4.93,"(12.99, 77.56)",no,O423,"(12.85, 77.51)","(12.97, 77.54)",517,normal,heavy,6,24,16,T294,D009,"[(12.85, 77.51), (12.97, 77.54)]",85,13.79,175
T424,12240,4.26,"(12.97, 77.59)",yes,O424,"(13.03, 77.69)","(12.88, 77.7)",585,high,moderate,13,31,57,T075,D010,"[(13.03, 77.69), (12.88, 77.7)]",76,6.79,119
T425,8061,5.02,"(12.95, 77.54)",yes,O425,"(12.99, 77.59)","(12.87, 77.64)",632,very high,clear,14,23,48,T143,D003,"[(12.99, 77.59), (12.87, 77.64)]",64,10.48,91
T426,8606,5.64,"(13.03, 77.52)",yes,O426,"(13.07, 77.59)","(12.93, 77.59)",671,normal,moderate,15,31,60,T248,D001,"[(13.07, 77.59), (12.93, 77.59)]",47,10.5,157
T427,8333,5.68,"(12.92, 77.6)",yes,O427,"(13.1, 77.51)","(12.92, 77.51)",634,very high,heavy,6,27,39,T297,D008,"[(13.1, 77.51), (12.92, 77.51)]",63,7.29,142
T428,8209,4.69,"(13.03, 77.52)",yes,O428,"(12.82, 77.64)","(12.83, 77.51)",572,very high,heavy,14,30,60,T491,D003,"[(12.82, 77.64), (12.83, 77.51)]",84,7.76,157
T429,13861,5.55,"(12.9, 77.56)",yes,O429,"(12.87, 77.58)","(13.1, 77.52)",678,high,moderate,8,38,54,T060,D003,"[(12.87, 77.58), (13.1, 77.52)]",36,12.64,185
T430,13660,5.97,"(12.86, 77.62)",yes,O430,"(12.98, 77.64)","(12.87, 77.59)",715,high,heavy,11,29,41,T461,D001,"[(12.98, 77.64), (12.87, 77.59)]",83,13.9,166
T431,9962,5.57,"(13.0, 77.55)",yes,O431,"(13.04, 77.52)","(12.88, 77.59)",547,very high,clear,9,34,28,T093,D010,"[(13.04, 77.52), (12.88, 77.59)]",79,7.75,198
T432,12080,5.16,"(12.99, 77.63)",no,O432,"(12.94, 77.55)","(13.08, 77.58)",522,very high,clear,16,31,46,T251,D006,"[(12.94, 77.55), (13.08, 77.58)]",86,10.57,179
T433,13766,5.83,"(12.8, 77.58)",yes,O433,"(12.85, 77.58)","(13.0, 77.68)",760,very high,heavy,20,34,60,T207,D002,"[(12.85, 77.58), (13.0, 77.68)]",56,14.02,197
T434,11488,4.66,"(13.04, 77.53)",yes,O434,"(12.89, 77.67)","(12.83, 77.5)",784,high,heavy,11,20,24,T067,D010,"[(12.89, 77.67), (12.83, 77.5)]",35,13.99,171
T435,9256,5.9,"(13.06, 77.6)",yes,O435,"(12.85, 77.56)","(12.9, 77.61)",640,normal,clear,12,35,33,T365,D003,"[(12.85, 77.56), (12.9, 77.61)]",80,7.06,139
T436,9180,4.01,"(12.88, 77.64)",no,O436,"(13.02, 77.67)","(13.09, 77.6)",654,high,heavy,5,28,25,T341,D008,"[(13.02, 77.67), (13.09, 77.6)]",52,13.2,178
T437,12199,5.74,"(12.9, 77.55)",yes,O437,"(12.92, 77.53)","(13.02, 77.56)",769,high,moderate,19,31,18,T463,D005,"[(12.92, 77.53), (13.02, 77.56)]",85,14.31,126
T438,12771,5.03,"(13.08, 77.61)",yes,O438,"(12.89, 77.61)","(12.89, 77.64)",769,normal,moderate,18,27,33,T175,D009,"[(12.89, 77.61), (12.89, 77.64)]",69,7.47,113
T439,9198,5.52,"(13.01, 77.7)",yes,O439,"(12.82, 77.51)","(12.88, 77.56)",523,normal,moderate,8,23,43,T013,D007,"[(12.82, 77.51), (12.88, 77.56)]",75,8.51,86
T440,13238,4.66,"(12.95, 77.56)",no,O440,"(12.83, 77.62)","(12.83, 77.56)",510,high,moderate,12,30,37,T102,D010,"[(12.83, 77.62), (12.83, 77.56)]",66,13.09,136
T441,8326,4.38,"(13.03, 77.58)",yes,O441,"(13.03, 77.7)","(13.04, 77.68)",715,high,heavy,13,33,26,T055,D009,"[(13.03, 77.7), (13.04, 77.68)]",67,8.17,142
T442,9220,4.98,"(12.91, 77.51)",yes,O442,"(12.98, 77.53)","(13.04, 77.66)",674,normal,heavy,8,21,45,T386,D003,"[(12.98, 77.53), (13.04, 77.66)]",37,9.13,155
T443,12064,4.86,"(12.81, 77.5)",yes,O443,"(12.94, 77.54)","(12.95, 77.51)",772,high,heavy,20,21,59,T379,D005,"[(12.94, 77.54), (12.95, 77.51)]",30,8.56,87
T444,10098,4.18,"(12.9, 77.55)",no,O444,"(12.97, 77.59)","(13.06, 77.65)",641,high,heavy,15,29,57,T173,D001,"[(12.97, 77.59), (13.06, 77.65)]",87,14.79,98
T445,12933,4.08,"(13.01, 77.67)",no,O445,"(13.06, 77.61)","(13.0, 77.69)",526,normal,moderate,20,39,53,T336,D005,"[(13.06, 77.61), (13.0, 77.69)]",62,9.65,127
T446,13802,4.35,"(13.0, 77.68)",yes,O446,"(12.97, 77.59)","(12.91, 77.66)",776,very high,heavy,20,26,39,T327,D008,"[(12.97, 77.59), (12.91, 77.66)]",82,13.73,154
T447,13948,5.38,"(12.94, 77.68)",yes,O447,"(12.82, 77.65)","(13.0, 77.56)",504,very high,moderate,15,21,23,T161,D010,"[(12.82, 77.65), (13.0, 77.56)]",33,9.07,194
T448,10514,5.34,"(13.09, 77.62)",yes,O448,"(12.97, 77.54)","(12.85, 77.67)",584,high,clear,10,33,21,T384,D001,"[(12.97, 77.54), (12.85, 77.67)]",31,14.18,125
T449,10557,4.23,"(13.05, 77.54)",yes,O449,"(13.0, 77.55)","(12.85, 77.63)",682,very high,clear,8,35,54,T376,D006,"[(13.0, 77.55), (12.85, 77.63)]",35,7.65,200
T450,10051,4.81,"(12.89, 77.58)",yes,O450,"(12.9, 77.61)","(12.82, 77.56)",701,normal,clear,20,27,29,T019,D002,"[(12.9, 77.61), (12.82, 77.56)]",32,12.16,174
T451,9916,5.04,"(13.02, 77.61)",yes,O451,"(13.08, 77.54)","(13.07, 77.64)",581,very high,moderate,13,38,43,T165,D010,"[(13.08, 77.54), (13.07, 77.64)]",68,11.66,135
T452,8464,4.73,"(12.9, 77.55)",yes,O452,"(13.04, 77.58)","(12.95, 77.53)",733,high,clear,13,26,48,T458,D006,"[(13.04, 77.58), (12.95, 77.53)]",58,6.59,110
T453,10757,4.88,"(12.93, 77.56)",yes,O453,"(12.99, 77.61)","(12.86, 77.69)",540,high,moderate,17,29,59,T370,D001,"[(12.99, 77.61), (12.86, 77.69)]",56,6.17,147
T454,11845,5.99,"(12.88, 77.61)",yes,O454,"(13.02, 77.56)","(13.08, 77.56)",683,high,moderate,5,35,26,T001,D005,"[(13.02, 77.56), (13.08, 77.56)]",69,10.22,131
T455,13748,5.11,"(13.03, 77.56)",no,O455,"(13.09, 77.69)","(13.03, 77.63)",736,high,clear,10,30,15,T467,D004,"[(13.09, 77.69), (13.03, 77.63)]",32,10.14,89
T456,13909,4.32,"(13.05, 77.66)",yes,O456,"(13.01, 77.7)","(13.08, 77.68)",600,high,heavy,17,23,48,T230,D006,"[(13.01, 77.7), (13.08, 77.68)]",53,7.0,148
T457,12514,5.54,"(13.04, 77.54)",no,O457,"(12.89, 77.51)","(12.84, 77.67)",527,normal,clear,15,26,60,T273,D003,"[(12.89, 77.51), (12.84, 77.67)]",55,9.65,147
T458,10233,5.32,"(12.88, 77.58)",no,O458,"(12.96, 77.59)","(12.86, 77.69)",687,normal,moderate,6,35,29,T478,D007,"[(12.96, 77.59), (12.86, 77.69)]",46,11.6,116
T459,9248,5.66,"(12.89, 77.53)",yes,O459,"(13.08, 77.61)","(12.89, 77.57)",643,normal,heavy,12,30,27,T240,D008,"[(13.08, 77.61), (12.89, 77.57)]",85,11.2,164
T460,11505,4.57,"(13.09, 77.65)",yes,O460,"(13.02, 77.69)","(13.07, 77.63)",624,very high,clear,8,30,29,T295,D010,"[(13.02, 77.69), (13.07, 77.63)]",62,13.98,85
T461,9339,4.6,"(12.87, 77.53)",yes,O461,"(12.85, 77.68)","(12.95, 77.57)",675,high,clear,8,27,43,T325,D002,"[(12.85, 77.68), (12.95, 77.57)]",72,10.68,133
T462,12416,4.42,"(12.93, 77.62)",yes,O462,"(13.0, 77.55)","(12.93, 77.52)",587,high,heavy,6,34,31,T212,D006,"[(13.0, 77.55), (12.93, 77.52)]",37,12.38,169
T463,11910,5.97,"(13.08, 77.69)",no,O463,"(12.88, 77.52)","(12.98, 77.55)",711,high,clear,8,36,38,T081,D003,"[(12.88, 77.52), (12.98, 77.55)]",85,9.8,91
T464,9188,5.7,"(13.09, 77.59)",yes,O464,"(12.86, 77.58)","(13.06, 77.65)",664,high,heavy,8,23,49,T355,D004,"[(12.86, 77.58), (13.06, 77.65)]",87,13.05,164
T465,9563,5.46,"(12.88, 77.69)",yes,O465,"(12.97, 77.62)","(12.91, 77.57)",539,high,clear,7,29,38,T180,D007,"[(12.97, 77.62), (12.91, 77.57)]",54,12.82,105
T466,10042,4.39,"(13.07, 77.7)",yes,O466,"(12.96, 77.61)","(12.95, 77.51)",515,high,moderate,8,20,52,T456,D005,"[(12.96, 77.61), (12.95, 77.51)]",35,11.11,143
T467,9961,5.16,"(12.85, 77.53)",yes,O467,"(12.91, 77.65)","(13.02, 77.52)",757,very high,moderate,18,34,44,T162,D001,"[(12.91, 77.65), (13.02, 77.52)]",80,7.54,101
T468,13440,4.74,"(13.01, 77.52)",yes,O468,"(13.03, 77.51)","(13.01, 77.63)",753,very high,moderate,5,24,37,T414,D002,"[(13.03, 77.51), (13.01, 77.63)]",38,13.98,144
T469,10790,4.37,"(12.99, 77.5)",yes,O469,"(12.88, 77.68)","(13.07, 77.5)",575,very high,clear,10,35,55,T472,D003,"[(12.88, 77.68), (13.07, 77.5)]",34,8.55,82
T470,8518,4.39,"(12.85, 77.63)",yes,O470,"(12.94, 77.51)","(12.9, 77.62)",657,very high,moderate,15,35,44,T251,D009,"[(12.94, 77.51), (12.9, 77.62)]",68,6.52,146
T471,8098,5.1,"(12.93, 77.53)",yes,O471,"(12.99, 77.69)","(12.9, 77.61)",761,very high,heavy,20,28,19,T359,D002,"[(12.99, 77.69), (12.9, 77.61)]",36,8.65,98
T472,10390,4.85,"(13.09, 77.58)",no,O472,"(12.92, 77.66)","(12.85, 77.65)",784,high,heavy,20,27,44,T095,D004,"[(12.92, 77.66), (12.85, 77.65)]",65,9.86,164
T473,9482,4.08,"(13.0, 77.59)",no,O473,"(13.06, 77.55)","(12.84, 77.69)",678,very high,moderate,7,30,54,T097,D009,"[(13.06, 77.55), (12.84, 77.69)]",71,9.81,151
T474,10577,4.56,"(12.99, 77.67)",yes,O474,"(13.02, 77.62)","(13.01, 77.62)",528,normal,moderate,17,36,50,T292,D005,"[(13.02, 77.62), (13.01, 77.62)]",35,8.79,122
T475,11291,5.35,"(12.91, 77.63)",yes,O475,"(12.89, 77.53)","(13.08, 77.51)",651,normal,clear,12,22,29,T008,D008,"[(12.89, 77.53), (13.08, 77.51)]",35,12.56,134
T476,12253,4.9,"(12.9, 77.54)",yes,O476,"(12.82, 77.66)","(12.81, 77.6)",683,high,clear,12,34,42,T373,D009,"[(12.82, 77.66), (12.81, 77.6)]",87,8.26,113
T477,9509,4.54,"(13.06, 77.63)",no,O477,"(12.9, 77.51)","(12.97, 77.51)",520,very high,moderate,10,31,58,T286,D010,"[(12.9, 77.51), (12.97, 77.51)]",57,14.74,101
T478,9318,6.0,"(12.97, 77.58)",yes,O478,"(12.92, 77.57)","(12.92, 77.53)",800,normal,clear,16,39,37,T197,D007,"[(12.92, 77.57), (12.92, 77.53)]",73,14.65,88
T479,8777,5.22,"(13.06, 77.53)",yes,O479,"(13.04, 77.54)","(13.09, 77.63)",585,high,clear,9,25,16,T037,D008,"[(13.04, 77.54), (13.09, 77.63)]",83,8.61,134
T480,11908,4.6,"(12.91, 77.54)",yes,O480,"(12.83, 77.5)","(12.86, 77.66)",672,high,heavy,11,29,17,T138,D006,"[(12.83, 77.5), (12.86, 77.66)]",84,11.93,192
T481,9591,5.55,"(12.92, 77.67)",yes,O481,"(13.07, 77.6)","(13.0, 77.6)",611,very high,moderate,20,20,17,T403,D008,"[(13.07, 77.6), (13.0, 77.6)]",85,13.68,138
T482,10104,5.15,"(12.89, 77.65)",yes,O482,"(12.9, 77.67)","(12.99, 77.68)",512,normal,clear,11,21,51,T446,D007,"[(12.9, 77.67), (12.99, 77.68)]",75,6.66,171
T483,8628,4.74,"(13.1, 77.59)",yes,O483,"(13.03, 77.65)","(13.02, 77.6)",637,normal,moderate,13,31,48,T383,D010,"[(13.03, 77.65), (13.02, 77.6)]",85,6.22,157
T484,8779,4.73,"(12.86, 77.54)",yes,O484,"(12.97, 77.67)","(13.06, 77.5)",599,high,clear,19,27,56,T333,D001,"[(12.97, 77.67), (13.06, 77.5)]",61,14.44,198
T485,13484,4.71,"(12.99, 77.56)",yes,O485,"(13.05, 77.54)","(12.91, 77.61)",570,very high,heavy,7,29,44,T300,D004,"[(13.05, 77.54), (12.91, 77.61)]",46,8.46,112
T486,12275,5.52,"(13.01, 77.57)",no,O486,"(12.83, 77.64)","(13.02, 77.66)",765,normal,clear,5,34,46,T165,D006,"[(12.83, 77.64), (13.02, 77.66)]",30,12.46,129
T487,8284,4.77,"(12.84, 77.54)",yes,O487,"(12.97, 77.69)","(12.88, 77.68)",606,normal,moderate,19,40,55,T257,D004,"[(12.97, 77.69), (12.88, 77.68)]",38,9.84,120
T488,8448,4.36,"(12.9, 77.66)",yes,O488,"(12.98, 77.52)","(12.91, 77.57)",617,very high,moderate,15,24,39,T172,D001,"[(12.98, 77.52), (12.91, 77.57)]",83,7.47,145
T489,13356,4.57,"(12.82, 77.52)",yes,O489,"(13.01, 77.64)","(13.1, 77.64)",739,high,heavy,18,39,59,T287,D005,"[(13.01, 77.64), (13.1, 77.64)]",48,10.81,120
T490,8031,5.93,"(12.87, 77.67)",no,O490,"(13.08, 77.52)","(13.05, 77.68)",589,very high,clear,11,33,49,T163,D001,"[(13.08, 77.52), (13.05, 77.68)]",54,14.63,122
T491,13176,5.39,"(12.97, 77.58)",yes,O491,"(13.01, 77.65)","(12.86, 77.67)",664,very high,moderate,8,40,22,T406,D003,"[(13.01, 77.65), (12.86, 77.67)]",62,7.96,154
T492,10138,5.47,"(13.02, 77.66)",yes,O492,"(13.02, 77.55)","(13.1, 77.57)",691,normal,clear,13,40,43,T084,D003,"[(13.02, 77.55), (13.1, 77.57)]",63,9.57,100
T493,11274,5.34,"(13.02, 77.69)",yes,O493,"(13.01, 77.7)","(12.92, 77.6)",603,normal,heavy,10,34,20,T205,D001,"[(13.01, 77.7), (12.92, 77.6)]",61,10.1,181
T494,13517,5.3,"(12.91, 77.51)",yes,O494,"(12.92, 77.56)","(12.87, 77.58)",641,high,moderate,18,33,43,T384,D004,"[(12.92, 77.56), (12.87, 77.58)]",73,14.6,133
T495,10121,4.18,"(12.99, 77.58)",yes,O495,"(13.04, 77.53)","(13.05, 77.6)",799,normal,moderate,12,36,47,T467,D005,"[(13.04, 77.53), (13.05, 77.6)]",50,8.72,167
T496,12974,5.21,"(13.02, 77.65)",yes,O496,"(12.95, 77.6)","(12.83, 77.56)",587,high,moderate,12,24,23,T096,D005,"[(12.95, 77.6), (12.83, 77.56)]",47,8.52,186
T497,13901,5.02,"(12.97, 77.67)",yes,O497,"(12.91, 77.69)","(13.07, 77.68)",752,high,heavy,5,21,29,T309,D004,"[(12.91, 77.69), (13.07, 77.68)]",33,14.94,163
T498,8430,4.33,"(13.01, 77.65)",no,O498,"(12.85, 77.61)","(13.02, 77.62)",602,normal,clear,10,20,26,T234,D007,"[(12.85, 77.61), (13.02, 77.62)]",32,11.82,166
T499,9081,5.44,"(12.96, 77.58)",yes,O499,"(13.07, 77.63)","(13.01, 77.57)",684,high,heavy,14,36,29,T333,D002,"[(13.07, 77.63), (13.01, 77.57)]",55,8.41,189
T500,11592,5.57,"(12.99, 77.58)",yes,O500,"(12.84, 77.62)","(12.83, 77.55)",654,high,moderate,18,32,35,T030,D004,"[(12.84, 77.62), (12.83, 77.55)]",58,8.36,104
